-- phpMyAdmin SQL Dump
-- version 5.2.1
-- https://www.phpmyadmin.net/
--
-- Host: 127.0.0.1
-- Generation Time: Apr 26, 2025 at 01:43 PM
-- Server version: 10.4.32-MariaDB
-- PHP Version: 8.2.12

SET SQL_MODE = "NO_AUTO_VALUE_ON_ZERO";

START TRANSACTION;

SET time_zone = "+00:00";

/*!40101 SET @OLD_CHARACTER_SET_CLIENT=@@CHARACTER_SET_CLIENT */
;
/*!40101 SET @OLD_CHARACTER_SET_RESULTS=@@CHARACTER_SET_RESULTS */
;
/*!40101 SET @OLD_COLLATION_CONNECTION=@@COLLATION_CONNECTION */
;
/*!40101 SET NAMES utf8mb4 */
;

--
-- Database: `final_project`
--

-- --------------------------------------------------------

--
-- Table structure for table `cache`
--

CREATE TABLE `cache` (
    `key` varchar(255) NOT NULL,
    `value` mediumtext NOT NULL,
    `expiration` int(11) NOT NULL
) ENGINE = InnoDB DEFAULT CHARSET = utf8mb4 COLLATE = utf8mb4_unicode_ci;

-- --------------------------------------------------------

--
-- Table structure for table `cache_locks`
--

CREATE TABLE `cache_locks` (
    `key` varchar(255) NOT NULL,
    `owner` varchar(255) NOT NULL,
    `expiration` int(11) NOT NULL
) ENGINE = InnoDB DEFAULT CHARSET = utf8mb4 COLLATE = utf8mb4_unicode_ci;

-- --------------------------------------------------------

--
-- Table structure for table `failed_jobs`
--

CREATE TABLE `failed_jobs` (
    `id` bigint(20) UNSIGNED NOT NULL,
    `uuid` varchar(255) NOT NULL,
    `connection` text NOT NULL,
    `queue` text NOT NULL,
    `payload` longtext NOT NULL,
    `exception` longtext NOT NULL,
    `failed_at` timestamp NOT NULL DEFAULT current_timestamp()
) ENGINE = InnoDB DEFAULT CHARSET = utf8mb4 COLLATE = utf8mb4_unicode_ci;

-- --------------------------------------------------------

--
-- Table structure for table `jobs`
--

CREATE TABLE `jobs` (
    `id` bigint(20) UNSIGNED NOT NULL,
    `queue` varchar(255) NOT NULL,
    `payload` longtext NOT NULL,
    `attempts` tinyint(3) UNSIGNED NOT NULL,
    `reserved_at` int(10) UNSIGNED DEFAULT NULL,
    `available_at` int(10) UNSIGNED NOT NULL,
    `created_at` int(10) UNSIGNED NOT NULL
) ENGINE = InnoDB DEFAULT CHARSET = utf8mb4 COLLATE = utf8mb4_unicode_ci;

-- --------------------------------------------------------

--
-- Table structure for table `job_batches`
--

CREATE TABLE `job_batches` (
    `id` varchar(255) NOT NULL,
    `name` varchar(255) NOT NULL,
    `total_jobs` int(11) NOT NULL,
    `pending_jobs` int(11) NOT NULL,
    `failed_jobs` int(11) NOT NULL,
    `failed_job_ids` longtext NOT NULL,
    `options` mediumtext DEFAULT NULL,
    `cancelled_at` int(11) DEFAULT NULL,
    `created_at` int(11) NOT NULL,
    `finished_at` int(11) DEFAULT NULL
) ENGINE = InnoDB DEFAULT CHARSET = utf8mb4 COLLATE = utf8mb4_unicode_ci;

-- --------------------------------------------------------

--
-- Table structure for table `migrations`
--

CREATE TABLE `migrations` (
    `id` int(10) UNSIGNED NOT NULL,
    `migration` varchar(255) NOT NULL,
    `batch` int(11) NOT NULL
) ENGINE = InnoDB DEFAULT CHARSET = utf8mb4 COLLATE = utf8mb4_unicode_ci;

--
-- Dumping data for table `migrations`
--

INSERT INTO
    `migrations` (`id`, `migration`, `batch`)
VALUES (
        9,
        '0001_01_01_000000_create_users_table',
        1
    ),
    (
        10,
        '0001_01_01_000001_create_cache_table',
        1
    ),
    (
        11,
        '0001_01_01_000002_create_jobs_table',
        1
    ),
    (
        12,
        '2025_03_25_154019_create_tbl_products_table',
        1
    ),
    (
        17,
        '2025_03_25_154959_create_tbl_category_table',
        2
    ),
    (
        18,
        '2025_03_25_155009_create_tbl_subcategory_table',
        2
    ),
    (
        19,
        '2025_03_25_155019_create_tbl_user_table',
        2
    ),
    (
        20,
        '2025_03_25_155035_create_tbl_cart_table',
        2
    ),
    (
        21,
        '2025_04_04_052958_create_tbl_orders_table',
        3
    ),
    (
        22,
        '2025_04_04_053015_create_tbl_order_items_table',
        4
    ),
    (
        23,
        '2025_04_15_051929_create_tbl_product_requests_table',
        5
    ),
    (
        24,
        '2025_04_16_053855_create_reviews_table',
        6
    );

-- --------------------------------------------------------

--
-- Table structure for table `password_reset_tokens`
--

CREATE TABLE `password_reset_tokens` (
    `email` varchar(255) NOT NULL,
    `token` varchar(255) NOT NULL,
    `created_at` timestamp NULL DEFAULT NULL
) ENGINE = InnoDB DEFAULT CHARSET = utf8mb4 COLLATE = utf8mb4_unicode_ci;

-- --------------------------------------------------------

--
-- Table structure for table `reviews`
--

CREATE TABLE `reviews` (
    `review_id` bigint(20) UNSIGNED NOT NULL,
    `product_id` bigint(20) UNSIGNED NOT NULL,
    `user_id` bigint(20) UNSIGNED NOT NULL,
    `review_title` varchar(255) NOT NULL,
    `review_text` text NOT NULL,
    `product_rating` float NOT NULL,
    `created_at` timestamp NULL DEFAULT NULL,
    `updated_at` timestamp NULL DEFAULT NULL
) ENGINE = InnoDB DEFAULT CHARSET = utf8mb4 COLLATE = utf8mb4_unicode_ci;

--
-- Dumping data for table `reviews`
--

INSERT INTO
    `reviews` (
        `review_id`,
        `product_id`,
        `user_id`,
        `review_title`,
        `review_text`,
        `product_rating`,
        `created_at`,
        `updated_at`
    )
VALUES (
        1,
        1,
        1,
        'Excellent',
        'Battery lasts all day, and the camera is crystal clear.',
        4.8,
        '2025-04-18 17:47:38',
        '2025-04-18 17:47:38'
    ),
    (
        2,
        2,
        2,
        'Good',
        'Smooth performance, though it heats up slightly during gaming.',
        4.1,
        '2025-04-18 17:47:38',
        '2025-04-18 17:47:38'
    ),
    (
        3,
        52,
        3,
        'Average',
        'Decent phone but expected a better display at this price.',
        3.4,
        '2025-04-18 17:47:38',
        '2025-04-18 17:47:38'
    ),
    (
        4,
        53,
        4,
        'Bad',
        'Frequent lag and poor camera in low light.',
        2.3,
        '2025-04-18 17:47:38',
        '2025-04-18 17:47:38'
    ),
    (
        5,
        54,
        5,
        'Worse',
        'Crashes constantly. Worst phone I have used.',
        1.5,
        '2025-04-18 17:47:38',
        '2025-04-18 17:47:38'
    ),
    (
        6,
        55,
        6,
        'Excellent',
        'Fast charging and great value for money.',
        4.7,
        '2025-04-18 17:47:38',
        '2025-04-18 17:47:38'
    ),
    (
        7,
        56,
        2,
        'Good',
        'Good display and decent battery backup.',
        4,
        '2025-04-18 17:47:38',
        '2025-04-18 17:47:38'
    ),
    (
        8,
        57,
        1,
        'Average',
        'Performance is okay, nothing outstanding.',
        3,
        '2025-04-18 17:47:38',
        '2025-04-18 17:47:38'
    ),
    (
        9,
        58,
        3,
        'Bad',
        'Feels cheap and the UI is buggy.',
        2.1,
        '2025-04-18 17:47:38',
        '2025-04-18 17:47:38'
    ),
    (
        10,
        59,
        4,
        'Worse',
        'Touchscreen stopped working within a week.',
        1.8,
        '2025-04-18 17:47:38',
        '2025-04-18 17:47:38'
    ),
    (
        11,
        3,
        5,
        'Excellent',
        'Super fast SSD and perfect for multitasking.',
        4.9,
        '2025-04-18 17:47:38',
        '2025-04-18 17:47:38'
    ),
    (
        12,
        4,
        6,
        'Good',
        'Great build quality and good performance.',
        4.2,
        '2025-04-18 17:47:38',
        '2025-04-18 17:47:38'
    ),
    (
        13,
        61,
        1,
        'Average',
        'Battery life is short, but performance is solid.',
        3.5,
        '2025-04-18 17:47:38',
        '2025-04-18 17:47:38'
    ),
    (
        14,
        62,
        2,
        'Bad',
        'Heats up quickly and fans are noisy.',
        2.4,
        '2025-04-18 17:47:38',
        '2025-04-18 17:47:38'
    ),
    (
        15,
        63,
        3,
        'Worse',
        'Stopped booting after a month. Unacceptable.',
        1.6,
        '2025-04-18 17:47:38',
        '2025-04-18 17:47:38'
    ),
    (
        16,
        64,
        4,
        'Excellent',
        'Perfect for developers and runs all tools smoothly.',
        4.8,
        '2025-04-18 17:47:38',
        '2025-04-18 17:47:38'
    ),
    (
        17,
        65,
        5,
        'Good',
        'Display is sharp, and it’s lightweight.',
        4.3,
        '2025-04-18 17:47:38',
        '2025-04-18 17:47:38'
    ),
    (
        18,
        66,
        6,
        'Average',
        'It’s decent but overpriced for the specs.',
        3.2,
        '2025-04-18 17:47:38',
        '2025-04-18 17:47:38'
    ),
    (
        19,
        67,
        1,
        'Bad',
        'Keyboard quality is very poor.',
        2.5,
        '2025-04-18 17:47:38',
        '2025-04-18 17:47:38'
    ),
    (
        20,
        68,
        2,
        'Worse',
        'Battery drains quickly and slow boot time.',
        1.9,
        '2025-04-18 17:47:38',
        '2025-04-18 17:47:38'
    ),
    (
        21,
        5,
        3,
        'Excellent',
        'Stunning 4K clarity with vibrant colors.',
        4.9,
        '2025-04-18 17:47:38',
        '2025-04-18 17:47:38'
    ),
    (
        22,
        6,
        4,
        'Good',
        'Speakers are loud and clear. Worth the money.',
        4.1,
        '2025-04-18 17:47:38',
        '2025-04-18 17:47:38'
    ),
    (
        23,
        71,
        5,
        'Average',
        'Decent picture, but poor remote control range.',
        3.6,
        '2025-04-18 17:47:38',
        '2025-04-18 17:47:38'
    ),
    (
        24,
        72,
        6,
        'Bad',
        'No smart features despite being called Smart TV.',
        2.7,
        '2025-04-18 17:47:38',
        '2025-04-18 17:47:38'
    ),
    (
        25,
        73,
        1,
        'Worse',
        'Stopped working after a power cut. No support.',
        1.3,
        '2025-04-18 17:47:38',
        '2025-04-18 17:47:38'
    ),
    (
        26,
        74,
        2,
        'Excellent',
        'Perfect for movies. Amazing contrast.',
        4.7,
        '2025-04-18 17:47:38',
        '2025-04-18 17:47:38'
    ),
    (
        27,
        75,
        3,
        'Good',
        'Setup was easy, and the UI is intuitive.',
        4,
        '2025-04-18 17:47:38',
        '2025-04-18 17:47:38'
    ),
    (
        28,
        76,
        4,
        'Average',
        'Sometimes glitches while streaming.',
        3.1,
        '2025-04-18 17:47:38',
        '2025-04-18 17:47:38'
    ),
    (
        29,
        77,
        5,
        'Bad',
        'Slow interface and outdated OS.',
        2.6,
        '2025-04-18 17:47:38',
        '2025-04-18 17:47:38'
    ),
    (
        30,
        78,
        6,
        'Worse',
        'Poor audio quality and dark corners on screen.',
        1.7,
        '2025-04-18 17:47:38',
        '2025-04-18 17:47:38'
    ),
    (
        31,
        7,
        1,
        'Excellent',
        'Sharp focus and perfect for wildlife shots.',
        4.9,
        '2025-04-18 17:47:38',
        '2025-04-18 17:47:38'
    ),
    (
        32,
        8,
        2,
        'Good',
        'Good for beginners and lightweight.',
        4,
        '2025-04-18 17:47:38',
        '2025-04-18 17:47:38'
    ),
    (
        33,
        81,
        3,
        'Average',
        'Image quality is fine but struggles in low light.',
        3.3,
        '2025-04-18 17:47:38',
        '2025-04-18 17:47:38'
    ),
    (
        34,
        82,
        4,
        'Bad',
        'Autofocus is slow and unreliable.',
        2.5,
        '2025-04-18 17:47:38',
        '2025-04-18 17:47:38'
    ),
    (
        35,
        83,
        5,
        'Worse',
        'Stopped detecting SD card randomly.',
        1.6,
        '2025-04-18 17:47:38',
        '2025-04-18 17:47:38'
    ),
    (
        36,
        84,
        6,
        'Excellent',
        'Love the manual controls and lens sharpness.',
        4.8,
        '2025-04-18 17:47:38',
        '2025-04-18 17:47:38'
    ),
    (
        37,
        85,
        1,
        'Good',
        'Decent camera for travel photos.',
        4.2,
        '2025-04-18 17:47:38',
        '2025-04-18 17:47:38'
    ),
    (
        38,
        86,
        2,
        'Average',
        'Build is sturdy, but battery life is weak.',
        3.4,
        '2025-04-18 17:47:38',
        '2025-04-18 17:47:38'
    ),
    (
        39,
        87,
        3,
        'Bad',
        'Low shutter speed and poor stabilization.',
        2.2,
        '2025-04-18 17:47:38',
        '2025-04-18 17:47:38'
    ),
    (
        40,
        88,
        4,
        'Worse',
        'Freezes often and has software glitches.',
        1.5,
        '2025-04-18 17:47:38',
        '2025-04-18 17:47:38'
    ),
    (
        41,
        9,
        5,
        'Excellent',
        'Great sound and very comfortable to wear.',
        4.7,
        '2025-04-18 17:47:38',
        '2025-04-18 17:47:38'
    ),
    (
        42,
        10,
        6,
        'Good',
        'Nice design and decent battery life.',
        4,
        '2025-04-18 17:47:38',
        '2025-04-18 17:47:38'
    ),
    (
        43,
        91,
        1,
        'Average',
        'Sound is okay, but not noise cancelling.',
        3.2,
        '2025-04-18 17:47:38',
        '2025-04-18 17:47:38'
    ),
    (
        44,
        92,
        2,
        'Bad',
        'One earbud stopped working after a week.',
        2,
        '2025-04-18 17:47:38',
        '2025-04-18 17:47:38'
    ),
    (
        45,
        93,
        3,
        'Worse',
        'Not compatible with my phone.',
        1.4,
        '2025-04-18 17:47:38',
        '2025-04-18 17:47:38'
    ),
    (
        46,
        94,
        4,
        'Excellent',
        'Love the RGB lighting on this gaming mouse.',
        4.9,
        '2025-04-18 17:47:38',
        '2025-04-18 17:47:38'
    ),
    (
        47,
        95,
        5,
        'Good',
        'Works well, but the cable is short.',
        4.1,
        '2025-04-18 17:47:38',
        '2025-04-18 17:47:38'
    ),
    (
        48,
        96,
        6,
        'Average',
        'Buttons are a bit stiff.',
        3.5,
        '2025-04-18 17:47:38',
        '2025-04-18 17:47:38'
    ),
    (
        49,
        97,
        1,
        'Bad',
        'Uncomfortable to wear for long hours.',
        2.3,
        '2025-04-18 17:47:38',
        '2025-04-18 17:47:38'
    ),
    (
        50,
        98,
        2,
        'Worse',
        'Terrible mic quality and constant disconnection.',
        1.6,
        '2025-04-18 17:47:38',
        '2025-04-18 17:47:38'
    ),
    (
        51,
        1,
        2,
        'Good',
        'Battery life is outstanding for daily use.',
        4.2,
        '2025-04-18 17:55:53',
        '2025-04-18 17:55:53'
    ),
    (
        52,
        2,
        3,
        'Excellent',
        'Camera quality exceeded my expectations.',
        4.9,
        '2025-04-18 17:55:53',
        '2025-04-18 17:55:53'
    ),
    (
        53,
        3,
        4,
        'Average',
        'Battery life is decent for work purposes.',
        3,
        '2025-04-18 17:55:53',
        '2025-04-18 17:55:53'
    ),
    (
        55,
        5,
        5,
        'Excellent',
        'Smart TV features are easy to use.',
        4.8,
        '2025-04-18 17:55:53',
        '2025-04-18 17:55:53'
    ),
    (
        56,
        6,
        6,
        'Worse',
        'Sound could be better but visuals are top-notch.',
        1.9,
        '2025-04-18 17:55:53',
        '2025-04-18 17:55:53'
    ),
    (
        57,
        7,
        2,
        'Excellent',
        'Autofocus is fast and reliable.',
        4.7,
        '2025-04-18 17:55:53',
        '2025-04-18 17:55:53'
    ),
    (
        58,
        8,
        3,
        'Good',
        'Battery lasts long even during heavy shoots.',
        3.8,
        '2025-04-18 17:55:53',
        '2025-04-18 17:55:53'
    ),
    (
        59,
        9,
        4,
        'Average',
        'Sound is clear and bass is strong.',
        3.5,
        '2025-04-18 17:55:53',
        '2025-04-18 17:55:53'
    ),
    (
        60,
        10,
        1,
        'Excellent',
        'Build quality feels premium.',
        4.6,
        '2025-04-18 17:55:53',
        '2025-04-18 17:55:53'
    ),
    (
        61,
        51,
        6,
        'Good',
        'Fast charging works great, phone charges in under an hour.',
        4.1,
        '2025-04-18 17:55:53',
        '2025-04-18 17:55:53'
    ),
    (
        62,
        52,
        5,
        'Worse',
        'Battery life is outstanding for daily use.',
        2,
        '2025-04-18 17:55:53',
        '2025-04-18 17:55:53'
    ),
    (
        63,
        53,
        2,
        'Bad',
        'Performance is solid, even for gaming.',
        2.5,
        '2025-04-18 17:55:53',
        '2025-04-18 17:55:53'
    ),
    (
        64,
        54,
        3,
        'Excellent',
        'Display is crisp and vivid, perfect for media.',
        5,
        '2025-04-18 17:55:53',
        '2025-04-18 17:55:53'
    ),
    (
        65,
        55,
        1,
        'Average',
        'Camera quality exceeded my expectations.',
        3.1,
        '2025-04-18 17:55:53',
        '2025-04-18 17:55:53'
    ),
    (
        66,
        56,
        4,
        'Good',
        'Fast charging works great.',
        4,
        '2025-04-18 17:55:53',
        '2025-04-18 17:55:53'
    ),
    (
        67,
        57,
        6,
        'Excellent',
        'Battery life is amazing for daily use.',
        4.9,
        '2025-04-18 17:55:53',
        '2025-04-18 17:55:53'
    ),
    (
        68,
        58,
        5,
        'Bad',
        'The display is okay but not the best.',
        2.2,
        '2025-04-18 17:55:53',
        '2025-04-18 17:55:53'
    ),
    (
        69,
        59,
        3,
        'Good',
        'Performance is smooth.',
        3.9,
        '2025-04-18 17:55:53',
        '2025-04-18 17:55:53'
    ),
    (
        70,
        60,
        2,
        'Excellent',
        'Camera performance is excellent.',
        4.8,
        '2025-04-18 17:55:53',
        '2025-04-18 17:55:53'
    ),
    (
        71,
        61,
        1,
        'Excellent',
        'This laptop is lightweight and powerful.',
        4.7,
        '2025-04-18 17:55:53',
        '2025-04-18 17:55:53'
    ),
    (
        72,
        62,
        4,
        'Good',
        'Battery life is decent for work purposes.',
        4,
        '2025-04-18 17:55:53',
        '2025-04-18 17:55:53'
    ),
    (
        73,
        63,
        6,
        'Bad',
        'Not the best thermals but performs well.',
        2.8,
        '2025-04-18 17:55:53',
        '2025-04-18 17:55:53'
    ),
    (
        74,
        64,
        2,
        'Excellent',
        'Keyboard is comfortable for long sessions.',
        4.5,
        '2025-04-18 17:55:53',
        '2025-04-18 17:55:53'
    ),
    (
        75,
        65,
        5,
        'Average',
        'Great screen for productivity.',
        3.2,
        '2025-04-18 17:55:53',
        '2025-04-18 17:55:53'
    ),
    (
        76,
        66,
        3,
        'Worse',
        'Heavy and gets hot quickly.',
        1.7,
        '2025-04-18 17:55:53',
        '2025-04-18 17:55:53'
    ),
    (
        77,
        67,
        1,
        'Good',
        'Battery life is decent and runs quiet.',
        3.9,
        '2025-04-18 17:55:53',
        '2025-04-18 17:55:53'
    ),
    (
        78,
        68,
        4,
        'Good',
        'Keyboard and trackpad are excellent.',
        4.2,
        '2025-04-18 17:55:53',
        '2025-04-18 17:55:53'
    ),
    (
        79,
        69,
        5,
        'Excellent',
        'Fantastic display and fast SSD.',
        4.9,
        '2025-04-18 17:55:53',
        '2025-04-18 17:55:53'
    ),
    (
        80,
        70,
        6,
        'Average',
        'Works okay but battery drains fast.',
        3,
        '2025-04-18 17:55:53',
        '2025-04-18 17:55:53'
    ),
    (
        81,
        71,
        2,
        'Good',
        'Smart TV features are easy to use.',
        4.3,
        '2025-04-18 17:55:53',
        '2025-04-18 17:55:53'
    ),
    (
        82,
        72,
        4,
        'Bad',
        'Sound could be better.',
        2.4,
        '2025-04-18 17:55:53',
        '2025-04-18 17:55:53'
    ),
    (
        83,
        73,
        1,
        'Excellent',
        'Excellent for streaming and gaming.',
        5,
        '2025-04-18 17:55:53',
        '2025-04-18 17:55:53'
    ),
    (
        84,
        74,
        3,
        'Average',
        'Picture quality is okay for the price.',
        3.3,
        '2025-04-18 17:55:53',
        '2025-04-18 17:55:53'
    ),
    (
        85,
        75,
        6,
        'Good',
        'Sharp colors and decent brightness.',
        4,
        '2025-04-18 17:55:53',
        '2025-04-18 17:55:53'
    ),
    (
        86,
        76,
        5,
        'Excellent',
        'Remote is intuitive and responsive.',
        4.8,
        '2025-04-18 17:55:53',
        '2025-04-18 17:55:53'
    ),
    (
        87,
        77,
        2,
        'Average',
        'Sound is okay but remote is slow.',
        3,
        '2025-04-18 17:55:53',
        '2025-04-18 17:55:53'
    ),
    (
        88,
        78,
        3,
        'Excellent',
        'Picture quality is sharp.',
        4.7,
        '2025-04-18 17:55:53',
        '2025-04-18 17:55:53'
    ),
    (
        89,
        79,
        4,
        'Bad',
        'Display is blurry sometimes.',
        2.1,
        '2025-04-18 17:55:53',
        '2025-04-18 17:55:53'
    ),
    (
        90,
        80,
        1,
        'Good',
        'Streaming apps work well.',
        3.9,
        '2025-04-18 17:55:53',
        '2025-04-18 17:55:53'
    ),
    (
        91,
        81,
        2,
        'Excellent',
        'Great for beginners and easy to handle.',
        4.6,
        '2025-04-18 17:55:53',
        '2025-04-18 17:55:53'
    ),
    (
        92,
        82,
        6,
        'Good',
        'Stunning image quality.',
        4.2,
        '2025-04-18 17:55:53',
        '2025-04-18 17:55:53'
    ),
    (
        93,
        83,
        4,
        'Average',
        'Decent autofocus but not perfect.',
        3.4,
        '2025-04-18 17:55:53',
        '2025-04-18 17:55:53'
    ),
    (
        94,
        84,
        1,
        'Excellent',
        'Battery lasts long for heavy shoots.',
        4.8,
        '2025-04-18 17:55:53',
        '2025-04-18 17:55:53'
    ),
    (
        95,
        85,
        5,
        'Bad',
        'Focus is slow in low light.',
        2.6,
        '2025-04-18 17:55:53',
        '2025-04-18 17:55:53'
    ),
    (
        96,
        86,
        3,
        'Worse',
        'Not recommended for fast action shots.',
        1.9,
        '2025-04-18 17:55:53',
        '2025-04-18 17:55:53'
    ),
    (
        97,
        87,
        6,
        'Excellent',
        'Compact and easy to use.',
        4.9,
        '2025-04-18 17:55:53',
        '2025-04-18 17:55:53'
    ),
    (
        98,
        88,
        2,
        'Good',
        'Image quality is great for price.',
        3.9,
        '2025-04-18 17:55:53',
        '2025-04-18 17:55:53'
    ),
    (
        99,
        89,
        5,
        'Average',
        'Good for casual photography.',
        3.3,
        '2025-04-18 17:55:53',
        '2025-04-18 17:55:53'
    ),
    (
        100,
        90,
        1,
        'Excellent',
        'Battery is reliable during shoots.',
        4.7,
        '2025-04-18 17:55:53',
        '2025-04-18 17:55:53'
    );

-- --------------------------------------------------------

--
-- Table structure for table `sessions`
--

CREATE TABLE `sessions` (
    `id` varchar(255) NOT NULL,
    `user_id` bigint(20) UNSIGNED DEFAULT NULL,
    `ip_address` varchar(45) DEFAULT NULL,
    `user_agent` text DEFAULT NULL,
    `payload` longtext NOT NULL,
    `last_activity` int(11) NOT NULL
) ENGINE = InnoDB DEFAULT CHARSET = utf8mb4 COLLATE = utf8mb4_unicode_ci;

--
-- Dumping data for table `sessions`
--

INSERT INTO
    `sessions` (
        `id`,
        `user_id`,
        `ip_address`,
        `user_agent`,
        `payload`,
        `last_activity`
    )
VALUES (
        'naFYwZguhAti8R9p5C6itvrK9enWrDqpbeNDZvGE',
        NULL,
        '127.0.0.1',
        'Mozilla/5.0 (Windows NT 10.0; Win64; x64) AppleWebKit/537.36 (KHTML, like Gecko) Chrome/135.0.0.0 Safari/537.36',
        'YTo1OntzOjY6Il9mbGFzaCI7YToyOntzOjM6Im5ldyI7YTowOnt9czozOiJvbGQiO2E6MDp7fX1zOjk6Il9wcmV2aW91cyI7YToxOntzOjM6InVybCI7czozMjoiaHR0cDovLzEyNy4wLjAuMTo4MDAwL3NpbmdsZS8xNTMiO31zOjY6Il90b2tlbiI7czo0MDoia0JCTXhKQXpHV2EySkxwYXgyTnAzRjhMdEg5UERnNEdyMGpqeDI0YiI7czozOiJ1aWQiO2k6NjtzOjU6InVuYW1lIjtzOjU6IlNhaGlsIjt9',
        1745667790
    );

-- --------------------------------------------------------

--
-- Table structure for table `tbl_cart`
--

CREATE TABLE `tbl_cart` (
    `cart_id` bigint(20) UNSIGNED NOT NULL,
    `user_id` int(11) NOT NULL,
    `product_id` int(11) NOT NULL,
    `quantity` int(11) NOT NULL,
    `created_at` timestamp NULL DEFAULT NULL,
    `updated_at` timestamp NULL DEFAULT NULL
) ENGINE = InnoDB DEFAULT CHARSET = utf8mb4 COLLATE = utf8mb4_unicode_ci;

--
-- Dumping data for table `tbl_cart`
--

INSERT INTO
    `tbl_cart` (
        `cart_id`,
        `user_id`,
        `product_id`,
        `quantity`,
        `created_at`,
        `updated_at`
    )
VALUES (
        9,
        5,
        33,
        1,
        '2025-04-26 02:20:14',
        '2025-04-26 02:20:14'
    ),
    (
        24,
        6,
        24,
        1,
        '2025-04-26 05:30:26',
        '2025-04-26 05:30:26'
    );

-- --------------------------------------------------------

--
-- Table structure for table `tbl_category`
--

CREATE TABLE `tbl_category` (
    `category_id` int(11) NOT NULL,
    `category_name` varchar(255) NOT NULL
) ENGINE = InnoDB DEFAULT CHARSET = utf8mb4 COLLATE = utf8mb4_general_ci;

--
-- Dumping data for table `tbl_category`
--

INSERT INTO
    `tbl_category` (
        `category_id`,
        `category_name`
    )
VALUES (1, 'Electronics'),
    (2, 'Grocery'),
    (3, 'Clothing'),
    (4, 'Households'),
    (5, 'Beverages');

-- --------------------------------------------------------

--
-- Table structure for table `tbl_orders`
--

CREATE TABLE `tbl_orders` (
    `order_id` int(11) NOT NULL,
    `user_id` int(11) NOT NULL,
    `total_amount` decimal(10, 2) NOT NULL,
    `shipping_address` text NOT NULL,
    `city` varchar(100) NOT NULL,
    `state` varchar(100) NOT NULL,
    `zip` varchar(10) NOT NULL,
    `payment_method` varchar(50) NOT NULL,
    `order_status` varchar(50) DEFAULT 'Pending',
    `order_date` timestamp NOT NULL DEFAULT current_timestamp()
) ENGINE = InnoDB DEFAULT CHARSET = utf8mb4 COLLATE = utf8mb4_general_ci;

--
-- Dumping data for table `tbl_orders`
--

INSERT INTO
    `tbl_orders` (
        `order_id`,
        `user_id`,
        `total_amount`,
        `shipping_address`,
        `city`,
        `state`,
        `zip`,
        `payment_method`,
        `order_status`,
        `order_date`
    )
VALUES (
        1,
        1,
        400.00,
        'Ganesh Genesis\r\nK - 202\r\nJagatpur Village\r\nGota - Jagatpur Road , near jagatpur - gota breej,\r\nGota , Ahmedabad',
        'Ahmedabad',
        'Gujarat',
        '382481',
        'online',
        'pending',
        '2025-04-21 03:19:13'
    ),
    (
        2,
        5,
        150.00,
        'chandlodiya, Ahmedabad , Gujarat',
        'Ahmedabad',
        'Gujarat',
        '382481',
        'online',
        'pending',
        '2025-04-26 01:49:34'
    ),
    (
        3,
        5,
        120.00,
        'chandlodiya, Ahmedabad , Gujarat',
        'Ahmedabad',
        'Gujarat',
        '382481',
        'online',
        'pending',
        '2025-04-26 01:55:25'
    ),
    (
        4,
        5,
        24999.00,
        'chandlodiya, Ahmedabad , Gujarat',
        'Ahmedabad',
        'Gujarat',
        '382481',
        'online',
        'pending',
        '2025-04-26 02:05:17'
    ),
    (
        5,
        3,
        700.00,
        'L-604, ICB CITY, OPP. SHREENATH AVENUE, NR. VANDE MATARAM ROAD, GOTA , AHMEDABAD \r\n382481',
        'Ahmedabad',
        'Gujarat',
        '382481',
        'online',
        'pending',
        '2025-04-26 02:21:43'
    ),
    (
        6,
        3,
        51.00,
        'L-604, ICB CITY, OPP. SHREENATH AVENUE, NR. VANDE MATARAM ROAD, GOTA , AHMEDABAD \r\n382481',
        'Ahmedabad',
        'Gujarat',
        '382481',
        'online',
        'pending',
        '2025-04-26 02:24:08'
    ),
    (
        7,
        3,
        750.00,
        'L-604, ICB CITY, OPP. SHREENATH AVENUE, NR. VANDE MATARAM ROAD, GOTA , AHMEDABAD \r\n382481',
        'Ahmedabad',
        'Gujarat',
        '382481',
        'online',
        'pending',
        '2025-04-26 02:29:12'
    ),
    (
        8,
        3,
        150.00,
        'L-604, ICB CITY, OPP. SHREENATH AVENUE, NR. VANDE MATARAM ROAD, GOTA , AHMEDABAD \r\n382481',
        'Ahmedabad',
        'Gujarat',
        '382481',
        'online',
        'pending',
        '2025-04-26 02:34:27'
    ),
    (
        9,
        6,
        300.00,
        'Second Floor 202 Aarya Arcade , Near Krishna Center, Mithakhali Six Rd, above Passport Office',
        'Ahmedabad',
        'Gujarat',
        '380009',
        'online',
        'pending',
        '2025-04-26 03:32:18'
    ),
    (
        10,
        6,
        209999.00,
        'Second Floor 202 Aarya Arcade , Near Krishna Center, Mithakhali Six Rd, above Passport Office',
        'Ahmedabad',
        'Gujarat',
        '380009',
        'online',
        'pending',
        '2025-04-26 04:10:20'
    ),
    (
        11,
        6,
        499.00,
        'Second Floor 202 Aarya Arcade , Near Krishna Center, Mithakhali Six Rd, above Passport Office',
        'Ahmedabad',
        'Gujarat',
        '380009',
        'online',
        'pending',
        '2025-04-26 04:16:06'
    ),
    (
        12,
        6,
        140.00,
        'Second Floor 202 Aarya Arcade , Near Krishna Center, Mithakhali Six Rd, above Passport Office',
        'Ahmedabad',
        'Gujarat',
        '380009',
        'online',
        'pending',
        '2025-04-26 04:36:32'
    ),
    (
        13,
        6,
        150.00,
        'Second Floor 202 Aarya Arcade , Near Krishna Center, Mithakhali Six Rd, above Passport Office',
        'Ahmedabad',
        'Gujarat',
        '380009',
        'online',
        'pending',
        '2025-04-26 04:37:29'
    ),
    (
        14,
        6,
        250.00,
        'Second Floor 202 Aarya Arcade , Near Krishna Center, Mithakhali Six Rd, above Passport Office',
        'Ahmedabad',
        'Gujarat',
        '380009',
        'online',
        'pending',
        '2025-04-26 04:38:27'
    ),
    (
        15,
        6,
        250.00,
        'Second Floor 202 Aarya Arcade , Near Krishna Center, Mithakhali Six Rd, above Passport Office',
        'Ahmedabad',
        'Gujarat',
        '380009',
        'online',
        'pending',
        '2025-04-26 04:38:49'
    ),
    (
        16,
        6,
        250.00,
        'Second Floor 202 Aarya Arcade , Near Krishna Center, Mithakhali Six Rd, above Passport Office',
        'Ahmedabad',
        'Gujarat',
        '380009',
        'online',
        'pending',
        '2025-04-26 04:39:35'
    ),
    (
        17,
        6,
        250.00,
        'Second Floor 202 Aarya Arcade , Near Krishna Center, Mithakhali Six Rd, above Passport Office',
        'Ahmedabad',
        'Gujarat',
        '380009',
        'online',
        'pending',
        '2025-04-26 04:40:14'
    ),
    (
        18,
        6,
        250.00,
        'Second Floor 202 Aarya Arcade , Near Krishna Center, Mithakhali Six Rd, above Passport Office',
        'Ahmedabad',
        'Gujarat',
        '380009',
        'online',
        'pending',
        '2025-04-26 04:40:56'
    );

-- --------------------------------------------------------

--
-- Table structure for table `tbl_order_items`
--

CREATE TABLE `tbl_order_items` (
    `order_item_id` bigint(20) UNSIGNED NOT NULL,
    `order_id` bigint(20) UNSIGNED NOT NULL,
    `product_id` bigint(20) UNSIGNED NOT NULL,
    `quantity` int(11) NOT NULL,
    `price` decimal(10, 2) NOT NULL
) ENGINE = InnoDB DEFAULT CHARSET = utf8mb4 COLLATE = utf8mb4_unicode_ci;

--
-- Dumping data for table `tbl_order_items`
--

INSERT INTO
    `tbl_order_items` (
        `order_item_id`,
        `order_id`,
        `product_id`,
        `quantity`,
        `price`
    )
VALUES (1, 1, 28, 1, 400.00),
    (2, 2, 12, 1, 150.00),
    (3, 3, 42, 1, 120.00),
    (4, 4, 91, 1, 24999.00),
    (5, 5, 33, 1, 700.00),
    (6, 6, 14, 1, 51.00),
    (7, 7, 11, 3, 250.00),
    (8, 8, 31, 1, 150.00),
    (9, 9, 27, 1, 300.00),
    (10, 10, 84, 1, 209999.00),
    (11, 11, 249, 1, 499.00),
    (12, 12, 132, 1, 140.00),
    (13, 13, 31, 1, 150.00),
    (14, 14, 11, 1, 250.00),
    (15, 15, 11, 1, 250.00),
    (16, 16, 11, 1, 250.00),
    (17, 17, 11, 1, 250.00),
    (18, 18, 11, 1, 250.00);

-- --------------------------------------------------------

--
-- Table structure for table `tbl_products`
--

CREATE TABLE `tbl_products` (
    `product_id` int(11) NOT NULL,
    `product_name` varchar(255) NOT NULL,
    `description` text NOT NULL,
    `price` decimal(10, 2) NOT NULL,
    `stock_quantity` int(11) NOT NULL,
    `category_id` int(11) NOT NULL,
    `subcat_id` int(11) NOT NULL,
    `image1` varchar(255) NOT NULL,
    `image2` varchar(255) NOT NULL,
    `image3` varchar(255) NOT NULL,
    `image4` varchar(255) NOT NULL,
    `porduct_point1` text NOT NULL,
    `porduct_point2` text NOT NULL,
    `porduct_point3` text NOT NULL,
    `porduct_point4` text NOT NULL
) ENGINE = InnoDB DEFAULT CHARSET = utf8mb4 COLLATE = utf8mb4_general_ci;

--
-- Dumping data for table `tbl_products`
--

INSERT INTO
    `tbl_products` (
        `product_id`,
        `product_name`,
        `description`,
        `price`,
        `stock_quantity`,
        `category_id`,
        `subcat_id`,
        `image1`,
        `image2`,
        `image3`,
        `image4`,
        `porduct_point1`,
        `porduct_point2`,
        `porduct_point3`,
        `porduct_point4`
    )
VALUES (
        1,
        'Samsung Galaxy S24 Ultra',
        'A powerful flagship smartphone with top-tier performance and camera capabilities.\r\n\r\n',
        155000.00,
        50,
        1,
        1,
        'uploads/Galaxy S24 Ultra.jpg',
        'uploads/Galaxy S24 Ultra1.jpg',
        'uploads/Galaxy S24 Ultra2.jpg',
        'uploads/Galaxy S24 Ultra3.jpg',
        '108MP Pro Camera System',
        'Snapdragon 8 Gen 3 Processor\r\n\r\n',
        '5000mAh Battery with Fast Charging\r\n\r\n',
        '120Hz Dynamic AMOLED Display\r\n\r\n'
    ),
    (
        2,
        'iPhone 15 Pro Max',
        'Apple’s latest premium iPhone with a titanium build and advanced photography features.',
        65000.00,
        50,
        1,
        1,
        'uploads/iPhone 15 Pro Max.jpg',
        'uploads/iPhone 15 Pro Max1.jpg',
        'uploads/iPhone 15 Pro Max2.jpg',
        'uploads/iPhone 15 Pro Max3.jpg',
        '48MP Triple Camera System',
        'A17 Bionic Chipset',
        'Pro Motion 120Hz Display',
        'Mag Safe Wireless Charging'
    ),
    (
        3,
        'MacBook Pro M3',
        'A high-performance laptop designed for professionals and creative users.',
        150000.00,
        50,
        1,
        2,
        'uploads/MacBook Pro M3.jpg',
        'uploads/MacBook Pro M31.jpg',
        'uploads/MacBook Pro M32.jpg',
        'uploads/MacBook Pro M33.jpg',
        'M3 Pro Chip with 10-Core CPU',
        'Liquid Retina XDR Display',
        '16GB Unified Memory',
        'Mag Safe 3 Fast Charging'
    ),
    (
        4,
        'Dell XPS 15',
        'A premium Windows laptop with high performance and stunning visuals.',
        25000.00,
        47,
        1,
        2,
        'uploads/Dell XPS 15.avif',
        'uploads/Dell XPS 151.avif',
        'uploads/Dell XPS 152.avif',
        'uploads/Dell XPS 153.avif',
        'Intel Core i9 13th Gen',
        '4K OLED Touch Display',
        'RTX 4070 GPU Support',
        'Fingerprint Sensor Unlock'
    ),
    (
        5,
        'Samsung QN90C 65-inch QLED',
        'A stunning QLED TV with high brightness and incredible HDR performance.',
        136000.00,
        50,
        1,
        3,
        'uploads/Samsung.webp',
        'uploads/Samsung1.webp',
        'uploads/Samsung2.webp',
        'uploads/Samsung3.webp',
        'Quantum HDR 2000 Technology',
        '120Hz Refresh Rate with VRR',
        'Dolby Atmos Surround Sound',
        'Tizen Smart TV OS'
    ),
    (
        6,
        'LG OLED C3 55-inch',
        'An OLED TV with perfect blacks, vibrant colors, and gaming-friendly features.',
        98000.00,
        49,
        1,
        3,
        'uploads/LG OLED.jpeg',
        'uploads/LG OLED1.jpeg',
        'uploads/LG OLED2.jpeg',
        'uploads/LG OLED3.jpeg',
        '4K OLED Self-Lit Pixels',
        'NVIDIA G-Sync Compatible',
        'α9 Gen6 AI Processor',
        'Dolby Vision & Atmos'
    ),
    (
        7,
        'Sony Alpha A7 IV',
        'A full-frame mirrorless camera designed for professionals and content creators.',
        293000.00,
        50,
        1,
        4,
        'uploads/Sony Alpha A7 IV.webp',
        'uploads/Sony Alpha A7 IV1.webp',
        'uploads/Sony Alpha A7 IV2.webp',
        'uploads/Sony Alpha A7 IV3.webp',
        '33MP Full-Frame Sensor',
        '4K 60FPS Video Recording',
        'Fast Hybrid Autofocus System',
        'In-Body 5-Axis Stabilization'
    ),
    (
        8,
        'Canon EOS R6 Mark II',
        'A high-speed mirrorless camera perfect for action and wildlife photography.',
        180000.00,
        49,
        1,
        4,
        'uploads/Canon EOS.webp',
        'uploads/Canon EOS1.webp',
        'uploads/Canon EOS2.webp',
        'uploads/Canon EOS3.webp',
        '24MP Dual Pixel CMOS Sensor',
        '40FPS Electronic Shutter',
        '6K RAW Video Output',
        'Dual Card Slot Support'
    ),
    (
        9,
        'Sony WH-1000XM5 Headphones',
        'Industry-leading noise-canceling wireless headphones with superior sound quality.',
        34000.00,
        49,
        1,
        5,
        'uploads/Sony WH.jpg',
        'uploads/Sony WH1.jpg',
        'uploads/Sony WH2.jpg',
        'uploads/Sony WH3.jpg',
        'Active Noise Cancellation',
        '40-Hour Battery Life',
        'Bluetooth 5.2 Technology',
        'Touch Controls & Voice Assistant'
    ),
    (
        10,
        'Logitech MX Master 3S Mouse',
        'A premium productivity mouse with precise tracking and ergonomic design.',
        8499.00,
        50,
        1,
        5,
        'uploads/Logitech MX.jpg',
        'uploads/Logitech MX1.jpg',
        'uploads/Logitech MX2.jpg',
        'uploads/Logitech MX3.jpg',
        'A premium productivity mouse with precise tracking and ergonomic design.',
        '8K DPI Optical Sensor',
        'Multi-Device & OS Compatible',
        'Silent Clicks Technology'
    ),
    (
        11,
        'Organic Broccoli',
        'Fresh, organic broccoli packed with nutrients and antioxidants.',
        250.00,
        50,
        2,
        6,
        'uploads/Broccoli.jpg',
        'uploads/Broccoli1.jpg',
        'uploads/Broccoli2.webp',
        'uploads/Broccoli3.webp',
        'Rich in Vitamins C & K',
        '100% Pesticide-Free Farming',
        'High in Fiber & Iron',
        'Freshly Harvested & Handpicked'
    ),
    (
        12,
        'Cherry Tomatoes',
        'Sweet, juicy cherry tomatoes perfect for salads and cooking.',
        150.00,
        50,
        2,
        6,
        'uploads/Cherry Tomatoes.jpg',
        'uploads/Cherry Tomatoes1.webp',
        'uploads/Cherry Tomatoes2.jpg',
        'uploads/Cherry Tomatoes3.jpeg',
        'Bright Red & Naturally Sweet',
        'Grown Without Harmful Chemicals',
        'Packed with Antioxidants',
        'Ideal for Salads & Sauces'
    ),
    (
        13,
        'Organic Fuji Apples',
        ' Sweet, crisp apples perfect for snacking and desserts.',
        90.00,
        100,
        2,
        7,
        'uploads/Apples.jpg',
        'uploads/Apples1.jpeg',
        'uploads/Apples2.jpeg',
        'uploads/Apples3.jpg',
        'Naturally Sweet & Juicy',
        'Rich in Dietary Fiber',
        'Pesticide-Free & Non-GMO',
        'Handpicked for Freshness'
    ),
    (
        14,
        'Bananas',
        'Fresh, ripe bananas full of energy and essential nutrients.',
        51.00,
        100,
        2,
        7,
        'uploads/Bananas.png',
        'uploads/Bananas1.jpeg',
        'uploads/Bananas2.jpg',
        'uploads/Bananas3.jpg',
        'Rich in Potassium & Fiber',
        'Perfect for Smoothies & Snacks',
        'Naturally Sweet & Creamy',
        'Sourced from Sustainable Farms'
    ),
    (
        15,
        'Organic Whole Milk (1 Gallon)',
        'Fresh, organic whole milk with rich taste and nutrients.',
        27.00,
        150,
        2,
        8,
        'uploads/Milk.webp',
        'uploads/Milk1.webp',
        'uploads/Milk2.webp',
        'uploads/Milk3.webp',
        'Rich in Calcium & Protein',
        'No Artificial Hormones Added',
        'Creamy & Naturally Delicious',
        'Farm Fresh & Pasteurized'
    ),
    (
        16,
        'Cheddar Cheese Block (16oz)',
        'Premium aged cheddar cheese with a bold and creamy flavor.',
        350.00,
        49,
        2,
        8,
        'uploads/Cheese.jpg',
        'uploads/Cheese1.jpg',
        'uploads/Cheese2.jpg',
        'uploads/Cheese3.jpg',
        'Rich & Sharp Flavor Profile',
        'Made from Farm-Fresh Milk',
        'No Artificial Preservatives',
        'Perfect for Cooking & Snacking'
    ),
    (
        17,
        'Salted Kettle Chips (8oz)',
        'Crispy, hand-cooked potato chips with a perfect salty crunch.',
        40.00,
        49,
        2,
        9,
        'uploads/Salted Chips.jpg',
        'uploads/Salted Chips1.jpg',
        'uploads/Salted Chips2.webp',
        'uploads/Salted Chips3.jpg',
        'Made with 100% Natural Potatoes',
        'No Artificial Flavors or Colors',
        'Lightly Salted & Extra Crunchy',
        'Gluten-Free & Vegan Friendly'
    ),
    (
        18,
        'Cheese Nachos',
        'Crunchy nachos loaded with rich cheese flavor and perfect seasoning.\r\n\r\n',
        60.00,
        50,
        2,
        9,
        'uploads/Cheese Nachos.jpg',
        'uploads/Cheese Nachos1.webp',
        'uploads/Cheese Nachos2.avif',
        'uploads/Cheese Nachos3.avif',
        'Baked for Extra Crispiness',
        'No Artificial Preservatives',
        'Made with Real Cheddar Cheese',
        'Perfect for Dips & Salsa'
    ),
    (
        19,
        'All-Purpose Flour (5lb Bag)',
        'High-quality, all-purpose flour perfect for baking and cooking.',
        150.00,
        48,
        2,
        10,
        'uploads/All-Purpose Flour.jpg',
        'uploads/All-Purpose Flour2.jpg',
        'uploads/All-Purpose Flour3.avif',
        'uploads/All-Purpose Flour1.jpg',
        'Unbleached & Non-GMO',
        'Ideal for Breads & Cakes',
        'Fine Texture for Easy Mixing',
        'Enriched with Essential Nutrients'
    ),
    (
        20,
        'Organic Brown Sugar (2lb Pack)',
        'Naturally sweet brown sugar perfect for baking and beverages.',
        350.00,
        49,
        2,
        10,
        'uploads/Brown Sugar.png',
        'uploads/Brown Sugar1.jpg',
        'uploads/Brown Sugar 2.jpg',
        'uploads/Brown Sugar3.jpg',
        'Rich Molasses Flavor',
        'No Artificial Additives',
        'Perfect for Cookies & Coffee',
        'Certified Organic & Non-GMO'
    ),
    (
        21,
        'Men’s Running Shoes',
        'Lightweight, breathable running shoes for ultimate comfort.',
        750.00,
        48,
        3,
        11,
        'uploads/Men’s Running Shoes.webp',
        'uploads/Men’s Running Shoes1.webp',
        'uploads/Men’s Running Shoes2.webp',
        'uploads/Men’s Running Shoes3.webp',
        'Shock-Absorbing Sole Design',
        'Breathable Mesh Upper Material',
        'Non-Slip Rubber Outsole',
        'Ideal for Sports & Casual Wear'
    ),
    (
        22,
        'Women’s Leather Boots',
        'Stylish, durable leather boots with a premium finish.',
        650.00,
        49,
        3,
        11,
        'uploads/Women’s Leather Boots.webp',
        'uploads/Women’s Leather Boots1.webp',
        'uploads/Women’s Leather Boots2.webp',
        'uploads/Women’s Leather Boots3.webp',
        'Genuine Leather Construction',
        'Soft Inner Cushion Padding',
        'Anti-Slip Durable Sole',
        'Perfect for Winter & Casual Wear'
    ),
    (
        23,
        'Classic Aviator Sunglasses',
        'Stylish, UV-protected sunglasses with a timeless design.',
        800.00,
        49,
        3,
        12,
        'uploads/Sunglasses.avif',
        'uploads/Sunglasses1.webp',
        'uploads/Sunglasses2.webp',
        'uploads/Sunglasses3.webp',
        'Polarized Anti-Glare Lenses',
        'Lightweight Metal Frame',
        'UV400 Sun Protection',
        'Scratch-Resistant Coating'
    ),
    (
        24,
        'Leather Wallet (Men’s)',
        'Elegant, slim leather wallet with multiple compartments.',
        1000.00,
        50,
        3,
        12,
        'uploads/Wallet.webp',
        'uploads/Wallet1.webp',
        'uploads/Wallet2.webp',
        'uploads/Wallet3.webp',
        'Premium Genuine Leather Material',
        'RFID Blocking Security',
        'Compact & Lightweight Design',
        'Multiple Card & Cash Slots'
    ),
    (
        25,
        'Boys’ Cotton T-Shirt Pack (3 pcs)',
        'Soft, breathable cotton t-shirts for everyday wear.',
        300.00,
        50,
        3,
        13,
        'uploads/Boys’ Cotton T-Shirt.avif',
        'uploads/Boys’ Cotton T-Shirt Pack1.avif',
        'uploads/Boys’ Cotton T-Shirt Pack2.avif',
        'uploads/Boys’ Cotton T-Shirt Pack3.avif',
        '100% Cotton Fabric',
        'Stretchable & Comfortable Fit',
        'Machine Washable & Durable',
        'Fun & Vibrant Printed Designs'
    ),
    (
        26,
        'Girls’ Floral Summer Dress',
        ' Lightweight, stylish dress perfect for summer outings.',
        350.00,
        50,
        3,
        13,
        'uploads/Girls’ Dress.webp',
        'uploads/Girls’ Dress1.webp',
        'uploads/Girls’ Dress2.jpg',
        'uploads/Girls’ Dress3.webp',
        'Soft & Breathable Fabric',
        'Adjustable Waist Tie',
        'Bright & Colorful Floral Print',
        'Ideal for Casual & Party Wear'
    ),
    (
        27,
        'Casual Polo Shirt (Men’s)',
        'Comfortable and stylish polo shirt for everyday wear.',
        300.00,
        50,
        3,
        14,
        'uploads/Polo Shirt.webp',
        'uploads/Polo Shirt1.webp',
        'uploads/Polo Shirt2.webp',
        'uploads/Polo Shirt3.webp',
        'Soft & Breathable Cotton Blend',
        'Classic Collar with Button Placket',
        'Slim Fit & Stretchable Fabric',
        'Machine Washable & Fade Resistant'
    ),
    (
        28,
        'Slim Fit Denim Jeans',
        'Trendy, slim-fit denim jeans with a stylish look.',
        400.00,
        50,
        3,
        14,
        'uploads/Jeans.webp',
        'uploads/Jeans1.jpg',
        'uploads/Jeans2.jpg',
        'uploads/Jeans3.jpg',
        'High-Quality Stretch Denim',
        'Multiple Pockets & Belt Loops',
        'Durable & Comfortable Fit',
        'Perfect for Casual & Formal Wear'
    ),
    (
        29,
        'Women’s Casual Maxi Dress',
        ' Elegant and comfortable maxi dress for all occasions.',
        350.00,
        50,
        3,
        15,
        'uploads/Women’s Maxi Dress.webp',
        'uploads/Women’s Maxi Dress1.webp',
        'uploads/Women’s Maxi Dress2.webp',
        'uploads/Women’s Maxi Dress3.webp',
        'Soft & Flowing Fabric',
        'Flattering Waistline Design',
        'Breathable & Lightweight Material',
        'Perfect for Day & Evening Wear'
    ),
    (
        30,
        'High-Waisted Leggings (Women’s)',
        'Stretchable, high-waisted leggings for comfort and style.',
        250.00,
        50,
        3,
        15,
        'uploads/High-Waisted Leggings .png',
        'uploads/High-Waisted Leggings1 .png',
        'uploads/High-Waisted Leggings2.png',
        'uploads/High-Waisted Leggings3.png',
        'Soft & Stretchy Fabric Blend',
        'Moisture-Wicking & Breathable',
        'High-Waist for Tummy Control',
        'Ideal for Gym & Casual Wear'
    ),
    (
        31,
        'Modern Wall Clock',
        'Stylish wall clock with a sleek and elegant design.',
        150.00,
        48,
        4,
        16,
        'uploads/Modern Wall Clock.jpg',
        'uploads/Modern Wall Clock1.png',
        'uploads/Modern Wall Clock2.jpg',
        'uploads/Modern Wall Clock3.jpg',
        'Silent Non-Ticking Mechanism',
        'Minimalist & Modern Design',
        'Durable Metal Frame Build',
        'Easy to Mount on Walls'
    ),
    (
        32,
        'LED Table Lamp',
        'Elegant LED table lamp with adjustable brightness.',
        360.00,
        50,
        4,
        16,
        'uploads/LED Lamp.webp',
        'uploads/LED  Lamp1.webp',
        'uploads/LED  Lamp2.webp',
        'uploads/LED  Lamp3.webp',
        'Dimmable Touch Control',
        'Energy-Efficient LED Bulb',
        'Sleek & Compact Design',
        'Perfect for Bedroom & Study'
    ),
    (
        33,
        'Electric Kettle 1.5L',
        'Fast-boiling electric kettle with auto shut-off function.',
        700.00,
        49,
        4,
        17,
        'uploads/Electric Kettle.jpg',
        'uploads/Electric Kettle1.jpg',
        'uploads/Electric Kettle2.jpg',
        'uploads/Electric Kettle3.jpg',
        'Stainless Steel Body Design',
        'Rapid Boil Technology',
        'Auto Shut-Off & Safety Lock',
        '360° Swivel Base for Convenience'
    ),
    (
        34,
        'Non-Stick Air Fryer',
        'Healthier cooking with an oil-free air frying system.',
        4500.00,
        49,
        4,
        17,
        'uploads/Air Fryer.jpg',
        'uploads/Air Fryer1.jpg',
        'uploads/Air Fryer2.jpg',
        'uploads/Air Fryer3.jpg',
        'Rapid Hot Air Circulation',
        'Non-Stick Basket Coating',
        'Digital Temperature Control',
        'Easy to Clean & Maintain'
    ),
    (
        35,
        'Microfiber Mop & Bucket Set',
        'Efficient floor cleaning with an easy-wring system.',
        750.00,
        50,
        4,
        18,
        'uploads/Microfiber Mop & Bucket Set.webp',
        'uploads/Microfiber Mop & Bucket Set1.webp',
        'uploads/Microfiber Mop & Bucket Set3.webp',
        'uploads/Microfiber Mop & Bucket Set12.webp',
        '360° Rotating Mop Head',
        'Ultra-Absorbent Microfiber Material',
        'Built-In Wringing System',
        ' Suitable for All Floor Types'
    ),
    (
        36,
        'Multipurpose Disinfectant Spray',
        'Kills 99.9% of germs on various surfaces.',
        300.00,
        50,
        4,
        18,
        'uploads/Multipurpose Disinfectant Spray.webp',
        'uploads/Multipurpose Disinfectant Spray1.webp',
        'uploads/Multipurpose Disinfectant Spray2.webp',
        'uploads/Multipurpose Disinfectant Spray3.webp',
        'Fast-Drying & Non-Sticky Formula',
        'Eliminates Bacteria & Viruses',
        'Safe for Home & Office Use',
        'Pleasant Fresh Fragrance'
    ),
    (
        37,
        'Ergonomic Office Chair',
        'Adjustable office chair with lumbar support.',
        16000.00,
        50,
        4,
        19,
        'uploads/Ergonomic Office Chair.webp',
        'uploads/Ergonomic Office Chair1.webp',
        'uploads/Ergonomic Office Chair2.webp',
        'uploads/Ergonomic Office Chair3.webp',
        'Breathable Mesh Backrest',
        'Adjustable Armrest & Height',
        'Smooth Swivel & Rolling Wheels',
        'Padded Cushion for Comfort'
    ),
    (
        38,
        'Wooden Coffee Table',
        'Modern wooden coffee table with a sleek finish.',
        3499.00,
        49,
        4,
        19,
        'uploads/Wooden Coffee Table.jpg',
        'uploads/Wooden Coffee Table1.jpg',
        'uploads/Wooden Coffee Table2.jpg',
        'uploads/Wooden Coffee Table3.jpg',
        'Durable Hardwood Construction',
        'Scratch-Resistant Coating',
        'Spacious Surface & Storage Shelf',
        'Perfect for Living Room Use'
    ),
    (
        39,
        'Stackable Plastic Storage Bins (Set of 3)',
        'Versatile storage bins for organizing home essentials.',
        1200.00,
        50,
        4,
        20,
        'uploads/Storage Bins.webp',
        'uploads/Storage Bins1.webp',
        'uploads/Storage Bins2.webp',
        'uploads/Storage Bins3.webp',
        'Durable & Lightweight Material',
        'Transparent Design for Easy Viewing',
        'Stackable & Space-Saving',
        'Ideal for Kitchen, Closet & Office'
    ),
    (
        40,
        'Vacuum Storage Bags (6-Pack)',
        'Space-saving vacuum storage bags for clothes and bedding.',
        250.00,
        49,
        4,
        20,
        'uploads/Vacuum Storage Bags.webp',
        'uploads/Vacuum Storage Bags1.webp',
        'uploads/Vacuum Storage Bags2.webp',
        'uploads/Vacuum Storage Bags3.webp',
        'Heavy-Duty Airtight Seal',
        'Compatible with All Vacuum Pumps',
        'Protects from Dust & Moisture',
        'Reusable & Durable Material'
    ),
    (
        41,
        'Coca-Cola Classic (8-Pack)',
        'Refreshing carbonated soft drink with a signature taste.',
        120.00,
        50,
        5,
        21,
        'uploads/Coca-Cola.jpg',
        'uploads/Coca-Cola1.jpg',
        'uploads/Coca-Cola2.jpg',
        'uploads/Coca-Cola3.jpg',
        'Iconic Cola Flavor',
        'Perfectly Carbonated Refreshment',
        'Best Served Chilled',
        'No Artificial Preservatives'
    ),
    (
        42,
        'Pepsi Zero Sugar (6-Pack)',
        'Sugar-free cola with a bold and refreshing taste.',
        120.00,
        50,
        5,
        21,
        'uploads/Pepsi Zero.jpg',
        'uploads/Pepsi Zero1.jpg',
        'uploads/Pepsi Zero2.jpg',
        'uploads/Pepsi Zero4.jpg',
        'Zero Sugar, Full Flavor',
        'Low-Calorie Refreshment',
        'Perfect for Diet-Friendly Drinks',
        'Best Served Ice Cold'
    ),
    (
        43,
        'Tropicana Orange Juice (1L)',
        '100% pure orange juice with no added sugar.',
        120.00,
        50,
        5,
        22,
        'uploads/Orange Juice.avif',
        'uploads/Orange Juice1.avif',
        'uploads/Orange Juice2.avif',
        'uploads/Orange Juice3.avif',
        'Rich in Vitamin C',
        'No Artificial Additives',
        'Made from Fresh Oranges',
        'Refreshing & Natural Taste'
    ),
    (
        44,
        'Minute Maid Apple Juice',
        'Delicious apple juice made from fresh, ripe apples.',
        145.00,
        50,
        5,
        22,
        'uploads/Apple Juice.jpg',
        'uploads/Apple Juice1.jpg',
        'uploads/Apple Juice2.jpg',
        'uploads/Apple Juice3.jpg',
        '100% Real Apple Juice',
        'No Preservatives Added',
        'Rich in Antioxidants',
        'Best Served Chilled'
    ),
    (
        45,
        'Nescafé Classic Instant Coffee',
        'Premium instant coffee with a rich and bold taste.',
        675.00,
        50,
        5,
        23,
        'uploads/Nescafé Coffee.jpg',
        'uploads/Nescafé Coffee1.jpg',
        'uploads/Nescafé Coffee2.jpg',
        'uploads/Nescafé Coffee3.jpg',
        'Made from Quality Coffee Beans',
        'Smooth & Aromatic Flavor',
        'Instantly Dissolves in Hot Water',
        'Perfect for Morning Boost'
    ),
    (
        46,
        'Twinings Green Tea (50 Tea Bags)',
        'Refreshing and soothing green tea for a healthy lifestyle.',
        250.00,
        50,
        5,
        23,
        'uploads/Green Tea.jpg',
        'uploads/Green Tea1.jpg',
        'uploads/Green Tea2.jpg',
        'uploads/Green Tea3.jpg',
        'Rich in Antioxidants',
        'Mild & Smooth Flavor',
        'Naturally Caffeine-Free',
        'Boosts Metabolism & Immunity'
    ),
    (
        47,
        'Red Bull Energy Drink',
        'Boosts energy and improves concentration instantly.',
        499.00,
        50,
        5,
        24,
        'uploads/Red Bull.jpg\r\n',
        'uploads/Red Bull1.jpg',
        'uploads/Red Bull2.jpg',
        'uploads/Red Bull3.jpg',
        'Taurine & B-Vitamins Blend',
        'Enhances Mental & Physical Performance',
        'Perfect for Athletes & Gamers',
        'Best Served Cold'
    ),
    (
        48,
        'Monster Ultra Zero',
        'Sugar-free energy drink with an intense flavor and high caffeine.',
        105.00,
        50,
        5,
        24,
        'uploads/monster.jpg',
        'uploads/monster1.jpg',
        'uploads/monster2.jpg',
        'uploads/monster3.jpg',
        'Zero Sugar, Full Energy',
        'Smooth & Refreshing Taste',
        'Loaded with Caffeine & B-Vitamins',
        'Ideal for Long Workouts & Gaming'
    ),
    (
        49,
        'Jack Daniel’s Tennessee Whiskey (750ml)',
        'Premium smooth whiskey with a rich caramel and oak finish.',
        25000.00,
        50,
        5,
        25,
        'uploads/Tennessee Whiskey.webp',
        'uploads/Tennessee Whiskey1.jpg',
        'uploads/Tennessee Whiskey2.jpg',
        'uploads/Tennessee Whiskey3.jpg',
        'Charcoal-Mellowed for Smoothness',
        'Rich Vanilla & Oak Flavor',
        'Perfect for Cocktails or Neat',
        'Aged in Handcrafted Barrels'
    ),
    (
        50,
        'Heineken Premium Lager',
        'World-famous premium lager with a smooth, crisp taste.\r\n\r\n',
        12500.00,
        50,
        5,
        25,
        'uploads/Heineken Premium Lager.avif',
        'uploads/Heineken Premium Lager1.jpg',
        'uploads/Heineken Premium Lager2.jpg',
        'uploads/Heineken Premium Lager3.jpg',
        'Brewed with Pure Malt & Hops',
        'Crisp & Refreshing Flavor',
        'Perfect for Social Gatherings',
        'Best Served Ice Cold'
    ),
    (
        51,
        'Samsung Galaxy S23 Ultra',
        'A premium flagship smartphone with cutting-edge features.',
        124999.00,
        50,
        1,
        1,
        'uploads/Samsung Galaxy S23 Ultra.jpg',
        'uploads/Samsung Galaxy S23 Ultra1.jpg',
        'uploads/Samsung Galaxy S23 Ultra2.jpg',
        'uploads/Samsung Galaxy S23 Ultra3.jpg',
        '200MP Pro-Grade Camera',
        'Snapdragon 8 Gen 2 Processor',
        'Dynamic AMOLED 2X Display',
        'S Pen for Productivity'
    ),
    (
        52,
        'OnePlus 11R 5G',
        'A high-performance smartphone with flagship features.',
        45999.00,
        50,
        1,
        1,
        'uploads/OnePlus 11R 5G.jpeg',
        'uploads/OnePlus 11R 5G1.jpeg',
        'uploads/OnePlus 11R 5G2.jpeg',
        'uploads/OnePlus 11R 5G3.jpeg',
        'Snapdragon 8+ Gen 1 Processor',
        '120Hz Fluid AMOLED Display',
        '50MP Sony IMX890 Camera',
        '100W SuperVOOC Fast Charging'
    ),
    (
        53,
        'Xiaomi 13 Pro 5G',
        'A premium Xiaomi smartphone with Leica optics.',
        79999.00,
        50,
        1,
        1,
        'uploads/Xiaomi 13 Pro 5G.jpeg',
        'uploads/Xiaomi 13 Pro 5G1.jpeg',
        'uploads/Xiaomi 13 Pro 5G2.jpeg',
        'uploads/Xiaomi 13 Pro 5G3.jpeg',
        'Leica Professional 50MP Camera',
        'Snapdragon 8 Gen 2 Processor',
        '120W HyperCharge Technology',
        '120Hz LTPO AMOLED Display'
    ),
    (
        54,
        'Google Pixel 7 Pro',
        'Google’s flagship phone with AI-powered features.',
        84999.00,
        50,
        1,
        1,
        'uploads/Google Pixel 7 Pro.jpeg',
        'uploads/Google Pixel 7 Pro1.jpeg',
        'uploads/Google Pixel 7 Pro2.jpeg',
        'uploads/Google Pixel 7 Pro3.jpeg',
        'Google Tensor G2 Chip',
        'Pro-Level 50MP Triple Camera',
        'Stock Android Experience',
        '5 Years of Software Updates'
    ),
    (
        55,
        'Realme GT Neo 5 5G',
        'A performance-driven gaming smartphone.',
        39999.00,
        50,
        1,
        1,
        'uploads/Realme GT Neo 5 5G.jpeg',
        'uploads/Realme GT Neo 5 5G1.jpeg',
        'uploads/Realme GT Neo 5 5G2.jpeg',
        'uploads/Realme GT Neo 5 5G3.jpeg',
        'Snapdragon 8+ Gen 1 Processor',
        '144Hz AMOLED Display',
        '240W Ultra-Fast Charging',
        'Sony IMX890 OIS Camera'
    ),
    (
        56,
        'Vivo X90 Pro 5G',
        'A premium smartphone with ZEISS optics.',
        84999.00,
        50,
        1,
        1,
        'uploads/Vivo X90 Pro 5G.jpeg',
        'uploads/Vivo X90 Pro 5G1.jpeg',
        'uploads/Vivo X90 Pro 5G2.jpeg',
        'uploads/Vivo X90 Pro 5G3.jpeg',
        '1-inch 50MP Sony IMX989 Sensor',
        'Dimensity 9200 Flagship Chip',
        '120Hz Curved AMOLED Display',
        '120W Dual-Cell Fast Charging'
    ),
    (
        57,
        'Asus ROG Phone 7 Ultimate',
        'A beastly gaming smartphone with an advanced cooling system.',
        99999.00,
        50,
        1,
        1,
        'uploads/Asus ROG Phone 7 Ultimate.jpeg',
        'uploads/Asus ROG Phone 7 Ultimate1.jpeg',
        'uploads/Asus ROG Phone 7 Ultimate2.jpeg',
        'uploads/Asus ROG Phone 7 Ultimate3.jpeg',
        'Snapdragon 8 Gen 2 Processor',
        '165Hz AMOLED Display',
        'AirTrigger 6 & Ultrasonic Controls',
        '6000mAh Battery with 65W Charging'
    ),
    (
        58,
        'iQOO 11 5G',
        'A performance-oriented phone for power users.',
        59999.00,
        50,
        1,
        1,
        'uploads/iQOO 11 5G.jpeg',
        'uploads/iQOO 11 5G1.jpeg',
        'uploads/iQOO 11 5G2.jpeg',
        'uploads/iQOO 11 5G3.jpeg',
        'Snapdragon 8 Gen 2 Processor',
        '144Hz 2K AMOLED Display',
        '50MP GN5 OIS Camera',
        '120W Super Fast Charging'
    ),
    (
        59,
        'Motorola Edge 40 Pro',
        'A premium smartphone with curved-edge display.',
        49999.00,
        50,
        1,
        1,
        'uploads/Motorola Edge 40 Pro.jpeg',
        'uploads/Motorola Edge 40 Pro1.jpeg',
        'uploads/Motorola Edge 40 Pro2.jpeg',
        'uploads/Motorola Edge 40 Pro3.jpeg',
        'Snapdragon 8 Gen 2 Processor',
        '165Hz P-OLED Curved Display',
        '50MP OIS Dual Camera Setup',
        '68W TurboPower Charging'
    ),
    (
        60,
        'Nothing Phone (2)',
        'A uniquely designed smartphone with a transparent back.',
        44999.00,
        50,
        1,
        1,
        'uploads/Nothing Phone (2).jpeg',
        'uploads/Nothing Phone (2)1.jpeg',
        'uploads/Nothing Phone (2)2.jpeg',
        'uploads/Nothing Phone (2)3.jpeg',
        'Glyph Interface with LED Notifications',
        'Snapdragon 8+ Gen 1 Processor',
        '50MP Dual Camera with OIS',
        '120Hz LTPO OLED Display'
    ),
    (
        61,
        'Apple MacBook Air M2',
        'Ultra-thin laptop with Apple’s M2 chip.',
        114990.00,
        50,
        1,
        2,
        'uploads/Apple MacBook Air M2.jpeg',
        'uploads/Apple MacBook Air M2_1.jpeg',
        'uploads/Apple MacBook Air M2_2.jpeg',
        'uploads/Apple MacBook Air M2_3.jpeg',
        'Apple M2 Chipset',
        'Liquid Retina Display',
        'MagSafe Charging Port',
        '18-Hour Battery Life'
    ),
    (
        62,
        'Dell XPS 15 plus',
        'A powerful Windows laptop for professionals.',
        169990.00,
        50,
        1,
        2,
        'uploads/Dell XPS 15.jpeg',
        'uploads/Dell XPS 15_1.jpeg',
        'uploads/Dell XPS 15_2.jpeg',
        'uploads/Dell XPS 15_3.jpeg',
        '12th Gen Intel i9 Processor',
        'NVIDIA RTX 3050 Ti GPU',
        '4K OLED Touch Display',
        'Fingerprint Power Button'
    ),
    (
        63,
        'HP Spectre x360',
        'A stylish convertible laptop with premium build.',
        129999.00,
        50,
        1,
        2,
        'uploads/HP Spectre x360.jpeg',
        'uploads/HP Spectre x360_1.jpeg',
        'uploads/HP Spectre x360_2.jpeg',
        'uploads/HP Spectre x360_3.jpeg',
        '13th Gen Intel i7 Processor',
        '360° Rotating Touchscreen',
        '16GB LPDDR5 RAM',
        'Thunderbolt 4 Connectivity'
    ),
    (
        64,
        'ASUS ROG Zephyrus G14',
        'A compact gaming laptop with high-end specs.',
        142999.00,
        50,
        1,
        2,
        'uploads/ASUS ROG Zephyrus G14.jpeg',
        'uploads/ASUS ROG Zephyrus G14_1.jpeg',
        'uploads/ASUS ROG Zephyrus G14_2.jpeg',
        'uploads/ASUS ROG Zephyrus G14_3.jpeg',
        'AMD Ryzen 9 6900HS',
        '14-inch QHD 165Hz Display',
        'Radeon RX 6800S GPU',
        'AniMe Matrix Customizable LEDs'
    ),
    (
        65,
        'Lenovo Legion 5 Pro',
        'A gaming laptop with powerful hardware.',
        129999.00,
        50,
        1,
        2,
        'uploads/Lenovo Legion 5 Pro.jpeg',
        'uploads/Lenovo Legion 5 Pro_1.jpeg',
        'uploads/Lenovo Legion 5 Pro_2.jpeg',
        'uploads/Lenovo Legion 5 Pro_3.jpeg',
        'AMD Ryzen 7 6800H',
        'NVIDIA RTX 3070 Ti GPU',
        '165Hz WQHD IPS Display',
        'ColdFront 3.0 Cooling System'
    ),
    (
        66,
        'Acer Predator Helios 300',
        'A budget-friendly gaming powerhouse.',
        119999.00,
        50,
        1,
        2,
        'uploads/Acer Predator Helios 300.jpeg',
        'uploads/Acer Predator Helios 300_1.jpeg',
        'uploads/Acer Predator Helios 300_2.jpeg',
        'uploads/Acer Predator Helios 300_3.jpeg',
        'Intel Core i7 12th Gen',
        'NVIDIA RTX 3060 GPU',
        '144Hz FHD IPS Display',
        'RGB Backlit Keyboard'
    ),
    (
        67,
        'MSI Stealth 15M',
        'An ultra-slim gaming laptop with great performance.',
        134999.00,
        50,
        1,
        2,
        'uploads/MSI Stealth 15M.jpeg',
        'uploads/MSI Stealth 15M_1.jpeg',
        'uploads/MSI Stealth 15M_2.jpeg',
        'uploads/MSI Stealth 15M_3.jpeg',
        'Intel Core i7 13th Gen',
        'RTX 4060 GPU',
        '240Hz IPS-Level Display',
        'Cooler Boost 5 Technology'
    ),
    (
        68,
        'Razer Blade 15',
        'A premium gaming laptop with stunning design.',
        189999.00,
        50,
        1,
        2,
        'uploads/Razer Blade 15.jpeg',
        'uploads/Razer Blade 15_1.jpeg',
        'uploads/Razer Blade 15_2.jpeg',
        'uploads/Razer Blade 15_3.jpeg',
        'Intel Core i9 13th Gen',
        'NVIDIA RTX 4080 GPU',
        '360Hz Full HD Display',
        'Per-Key RGB Backlit Keyboard'
    ),
    (
        69,
        'Samsung Galaxy Book 3 Pro',
        'A lightweight ultrabook with AMOLED display.',
        139999.00,
        50,
        1,
        2,
        'uploads/Samsung Galaxy Book 3 Pro.jpeg',
        'uploads/Samsung Galaxy Book 3 Pro_1.jpeg',
        'uploads/Samsung Galaxy Book 3 Pro_2.jpeg',
        'uploads/Samsung Galaxy Book 3 Pro_3.jpeg',
        'Intel Core i7 13th Gen',
        '3K AMOLED Display',
        'Super Slim & Lightweight',
        'Wi-Fi 6E Connectivity'
    ),
    (
        70,
        'Microsoft Surface Laptop 5',
        'A premium productivity laptop with sleek design.',
        114999.00,
        50,
        1,
        2,
        'uploads/Microsoft Surface Laptop 5.jpeg',
        'uploads/Microsoft Surface Laptop 5_1.jpeg',
        'uploads/Microsoft Surface Laptop 5_2.jpeg',
        'uploads/Microsoft Surface Laptop 5_3.jpeg',
        'Intel Evo i7 12th Gen',
        'PixelSense Touch Display',
        'Dolby Atmos Audio',
        'Fast Charging Support'
    ),
    (
        71,
        'Sony Bravia XR A80K 65-inch OLED',
        'Premium 4K OLED TV with XR Processor.',
        229999.00,
        50,
        1,
        3,
        'uploads/Sony Bravia XR A80K.jpeg',
        'uploads/Sony Bravia XR A80K_1.jpeg',
        'uploads/Sony Bravia XR A80K_2.jpeg',
        'uploads/Sony Bravia XR A80K_3.jpeg',
        'Cognitive XR Processor',
        '4K OLED Panel',
        '120Hz Refresh Rate',
        'Dolby Vision & Atmos'
    ),
    (
        72,
        'TCL C845 75-inch QLED',
        'High-quality QLED TV with Mini LED technology.',
        169999.00,
        50,
        1,
        3,
        'uploads/TCL C845.jpeg',
        'uploads/TCL C845_1.jpeg',
        'uploads/TCL C845_2.jpeg',
        'uploads/TCL C845_3.jpeg',
        'Mini LED QLED Display',
        '144Hz VRR Refresh Rate',
        'Dolby Vision & HDR10+',
        'IMAX Enhanced Certification'
    ),
    (
        73,
        'Samsung The Frame 55-inch QLED',
        'Aesthetic 4K TV that doubles as artwork.',
        129999.00,
        50,
        1,
        3,
        'uploads/Samsung The Frame.jpeg',
        'uploads/Samsung The Frame_1.jpeg',
        'uploads/Samsung The Frame_2.jpeg',
        'uploads/Samsung The Frame_3.jpeg',
        'Art Mode Display',
        'Quantum HDR 4K',
        'Anti-Reflection Matte Finish',
        'Customizable Bezels'
    ),
    (
        74,
        'LG QNED81 65-inch QNED',
        'Bright and vibrant QNED TV with AI processing.',
        139999.00,
        50,
        1,
        3,
        'uploads/LG QNED81.jpeg',
        'uploads/LG QNED81_1.jpeg',
        'uploads/LG QNED81_2.jpeg',
        'uploads/LG QNED81_3.jpeg',
        'Quantum Dot NanoCell Tech',
        'α7 Gen5 AI Processor 4K',
        '120Hz Refresh Rate',
        'Dolby Vision IQ & Atmos'
    ),
    (
        75,
        'Hisense U8H 65-inch ULED',
        'A powerful TV with ULED and HDR support.',
        109999.00,
        50,
        1,
        3,
        'uploads/Hisense U8H.jpeg',
        'uploads/Hisense U8H_1.jpeg',
        'uploads/Hisense U8H_2.jpeg',
        'uploads/Hisense U8H_3.jpeg',
        'Mini-LED ULED Panel',
        'Dolby Vision & HDR10+',
        '144Hz VRR Gaming Support',
        'Full Array Local Dimming'
    ),
    (
        76,
        'Xiaomi OLED Vision 55-inch',
        'Affordable OLED TV with stunning visuals.',
        99999.00,
        50,
        1,
        3,
        'uploads/Xiaomi OLED Vision.jpeg',
        'uploads/Xiaomi OLED Vision_1.jpeg',
        'uploads/Xiaomi OLED Vision_2.jpeg',
        'uploads/Xiaomi OLED Vision_3.jpeg',
        '4K Dolby Vision OLED',
        'IMAX Enhanced Certification',
        '120Hz Refresh Rate',
        'Android TV with Google Assistant'
    ),
    (
        77,
        'Samsung Q60C 50-inch QLED',
        'An entry-level QLED TV with vibrant colors.',
        79999.00,
        50,
        1,
        3,
        'uploads/Samsung Q60C.jpeg',
        'uploads/Samsung Q60C_1.jpeg',
        'uploads/Samsung Q60C_2.jpeg',
        'uploads/Samsung Q60C_3.jpeg',
        'Dual LED Backlight',
        'Quantum HDR 4K',
        'AirSlim Design',
        'Object Tracking Sound Lite'
    ),
    (
        78,
        'Sony X90K 65-inch Full Array LED',
        'A premium LED TV with high contrast.',
        154999.00,
        50,
        1,
        3,
        'uploads/Sony X90K.jpeg',
        'uploads/Sony X90K_1.jpeg',
        'uploads/Sony X90K_2.jpeg',
        'uploads/Sony X90K_3.jpeg',
        'Full Array LED Backlight',
        'Cognitive XR Processor',
        '120Hz Native Refresh Rate',
        'Dolby Vision & Atmos'
    ),
    (
        79,
        'Vu Masterpiece Glo 75-inch QLED',
        'A large-screen TV with Dolby enhancements.',
        184999.00,
        50,
        1,
        3,
        'uploads/Vu Masterpiece Glo.jpeg',
        'uploads/Vu Masterpiece Glo_1.jpeg',
        'uploads/Vu Masterpiece Glo_2.jpeg',
        'uploads/Vu Masterpiece Glo_3.jpeg',
        '4K QLED Panel',
        '120Hz Refresh Rate',
        'Dolby Vision IQ & HDR10+',
        'JBL Cinema Sound System'
    ),
    (
        80,
        'OnePlus Q2 Pro 65-inch QLED',
        'Feature-packed QLED TV with a powerful speaker.',
        119999.00,
        50,
        1,
        3,
        'uploads/OnePlus Q2 Pro.jpeg',
        'uploads/OnePlus Q2 Pro_1.jpeg',
        'uploads/OnePlus Q2 Pro_2.jpeg',
        'uploads/OnePlus Q2 Pro_3.jpeg',
        '4K QLED Display',
        '120Hz MEMC Technology',
        'HDR10+ & Dolby Vision',
        '70W Horizon Sound System'
    ),
    (
        81,
        'Nikon Z8',
        'Professional mirrorless camera with 45MP sensor.',
        399999.00,
        50,
        1,
        4,
        'uploads/Nikon Z8.jpeg',
        'uploads/Nikon Z8_1.jpeg',
        'uploads/Nikon Z8_2.jpeg',
        'uploads/Nikon Z8_3.jpeg',
        '45.7MP Full-Frame Sensor',
        '8K 60FPS Video Recording',
        '493-Point AF System',
        '5-Axis In-Body Stabilization'
    ),
    (
        82,
        'Fujifilm X-T5',
        'High-resolution APS-C camera for photography lovers.',
        169999.00,
        50,
        1,
        4,
        'uploads/Fujifilm X-T5.jpeg',
        'uploads/Fujifilm X-T5_1.jpeg',
        'uploads/Fujifilm X-T5_2.jpeg',
        'uploads/Fujifilm X-T5_3.jpeg',
        '40.2MP APS-C Sensor',
        '7-Stop IBIS System',
        '6.2K 30FPS Video',
        'Dual SD Card Slots'
    ),
    (
        83,
        'Canon EOS R8',
        'Compact full-frame mirrorless camera.',
        139999.00,
        50,
        1,
        4,
        'uploads/Canon EOS R8.jpeg',
        'uploads/Canon EOS R8_1.jpeg',
        'uploads/Canon EOS R8_2.jpeg',
        'uploads/Canon EOS R8_3.jpeg',
        '24.2MP Full-Frame Sensor',
        '4K 60FPS Video',
        'Dual Pixel CMOS AF II',
        'HDR PQ & C-Log 3'
    ),
    (
        84,
        'Sony ZV-E1',
        'Vlogging-focused full-frame camera with AI features.',
        209999.00,
        50,
        1,
        4,
        'uploads/Sony ZV-E1.jpeg',
        'uploads/Sony ZV-E1_1.jpeg',
        'uploads/Sony ZV-E1_2.jpeg',
        'uploads/Sony ZV-E1_3.jpeg',
        '12MP Full-Frame Sensor',
        '4K 120FPS Slow Motion',
        'AI Autofocus Tracking',
        'Built-in Directional Mic'
    ),
    (
        85,
        'Nikon Z50',
        'Versatile APS-C mirrorless camera for beginners.',
        99999.00,
        50,
        1,
        4,
        'uploads/Nikon Z50.jpeg',
        'uploads/Nikon Z50_1.jpeg',
        'uploads/Nikon Z50_2.jpeg',
        'uploads/Nikon Z50_3.jpeg',
        '20.9MP CMOS Sensor',
        '4K UHD Video Recording',
        'Eye-Detection Autofocus',
        'Tilting Touchscreen LCD'
    ),
    (
        86,
        'Panasonic Lumix GH6',
        'Micro Four Thirds powerhouse for videographers.',
        234999.00,
        50,
        1,
        4,
        'uploads/Panasonic Lumix GH6.jpeg',
        'uploads/Panasonic Lumix GH6_1.jpeg',
        'uploads/Panasonic Lumix GH6_2.jpeg',
        'uploads/Panasonic Lumix GH6_3.jpeg',
        '25.2MP Live MOS Sensor',
        '5.7K 60FPS Video',
        'V-Log/V-Gamut Support',
        'High-Speed Autofocus System'
    ),
    (
        87,
        'Olympus OM-1',
        'Weather-sealed camera for outdoor photography.',
        189999.00,
        50,
        1,
        4,
        'uploads/Olympus OM-1.jpeg',
        'uploads/Olympus OM-1_1.jpeg',
        'uploads/Olympus OM-1_2.jpeg',
        'uploads/Olympus OM-1_3.jpeg',
        '20MP Stacked CMOS Sensor',
        'AI Subject Detection Autofocus',
        '5-Axis Image Stabilization',
        '50FPS Continuous Shooting'
    ),
    (
        88,
        'GoPro HERO12 Black',
        'Ultra-compact action camera with 5.3K recording.',
        44999.00,
        50,
        1,
        4,
        'uploads/GoPro HERO12.jpeg',
        'uploads/GoPro HERO12_1.jpeg',
        'uploads/GoPro HERO12_2.jpeg',
        'uploads/GoPro HERO12_3.jpeg',
        '5.3K 60FPS Video',
        'HyperSmooth 6.0 Stabilization',
        'Waterproof up to 10m',
        'Voice Control & Live Streaming'
    ),
    (
        89,
        'DJI Osmo Pocket 3',
        'Pocket-sized gimbal camera for smooth videos.',
        59999.00,
        50,
        1,
        4,
        'uploads/DJI Osmo Pocket 3.jpeg',
        'uploads/DJI Osmo Pocket 3_1.jpeg',
        'uploads/DJI Osmo Pocket 3_2.jpeg',
        'uploads/DJI Osmo Pocket 3_3.jpeg',
        '1-Inch CMOS Sensor',
        '4K 120FPS Slow Motion',
        '3-Axis Gimbal Stabilization',
        'Face & Object Tracking'
    ),
    (
        90,
        'Leica Q3',
        'Premium fixed-lens camera with Leica optics.',
        489999.00,
        50,
        1,
        4,
        'uploads/Leica Q3.jpeg',
        'uploads/Leica Q3_1.jpeg',
        'uploads/Leica Q3_2.jpeg',
        'uploads/Leica Q3_3.jpeg',
        '60MP Full-Frame Sensor',
        'Summilux 28mm f/1.7 Lens',
        '8K Video Recording',
        'OLED Tilt-Touch Display'
    ),
    (
        91,
        'Apple AirPods Pro (2nd Gen)',
        'Premium wireless earbuds with active noise cancellation.',
        24999.00,
        50,
        1,
        5,
        'uploads/Apple AirPods Pro 2.jpeg',
        'uploads/Apple AirPods Pro 2_1.jpeg',
        'uploads/Apple AirPods Pro 2_2.jpeg',
        'uploads/Apple AirPods Pro 2_3.jpeg',
        'Active Noise Cancellation',
        'Adaptive Transparency Mode',
        'H2 Chip for Better Sound',
        'Up to 30H Battery Life'
    ),
    (
        92,
        'Samsung Galaxy Buds 2 Pro',
        'High-quality wireless earbuds with 360° audio.',
        17999.00,
        50,
        1,
        5,
        'uploads/Samsung Galaxy Buds 2 Pro.jpeg',
        'uploads/Samsung Galaxy Buds 2 Pro_1.jpeg',
        'uploads/Samsung Galaxy Buds 2 Pro_2.jpeg',
        'uploads/Samsung Galaxy Buds 2 Pro_3.jpeg',
        '24-Bit Hi-Fi Audio',
        'Intelligent Active Noise Canceling',
        '360 Audio for Immersive Sound',
        'Compact & Ergonomic Fit'
    ),
    (
        93,
        'JBL Flip 6 Bluetooth Speaker',
        'Portable Bluetooth speaker with deep bass.',
        11999.00,
        50,
        1,
        5,
        'uploads/JBL Flip 6.jpeg',
        'uploads/JBL Flip 6_1.jpeg',
        'uploads/JBL Flip 6_2.jpeg',
        'uploads/JBL Flip 6_3.jpeg',
        '40W Powerful Sound',
        'IP67 Waterproof & Dustproof',
        '12-Hour Battery Life',
        'Dual Passive Radiators'
    ),
    (
        94,
        'Razer BlackShark V2 Pro',
        'Wireless gaming headset with THX Spatial Audio.',
        18999.00,
        50,
        1,
        5,
        'uploads/Razer BlackShark V2 Pro.jpeg',
        'uploads/Razer BlackShark V2 Pro_1.jpeg',
        'uploads/Razer BlackShark V2 Pro_2.jpeg',
        'uploads/Razer BlackShark V2 Pro_3.jpeg',
        'THX 7.1 Surround Sound',
        '50mm Titanium Drivers',
        'Detachable HyperClear Mic',
        'Up to 24H Battery Life'
    ),
    (
        95,
        'Anker PowerCore 26800mAh',
        'High-capacity portable power bank for fast charging.',
        5999.00,
        50,
        1,
        5,
        'uploads/Anker PowerCore 26800mAh.jpeg',
        'uploads/Anker PowerCore 26800mAh_1.jpeg',
        'uploads/Anker PowerCore 26800mAh_2.jpeg',
        'uploads/Anker PowerCore 26800mAh_3.jpeg',
        '26800mAh Ultra Capacity',
        '3 USB Output Ports',
        'Dual Micro-USB Input',
        'High-Speed Charging Technology'
    ),
    (
        96,
        'Logitech G Pro Wireless Mouse',
        'Ultra-lightweight wireless gaming mouse.',
        13999.00,
        50,
        1,
        5,
        'uploads/Logitech G Pro Wireless.jpeg',
        'uploads/Logitech G Pro Wireless_1.jpeg',
        'uploads/Logitech G Pro Wireless_2.jpeg',
        'uploads/Logitech G Pro Wireless_3.jpeg',
        'HERO 25K Sensor',
        '1ms Wireless Speed',
        'Removable Side Buttons',
        'Ultra-Lightweight Design'
    ),
    (
        97,
        'SteelSeries Apex Pro Keyboard',
        'High-end gaming keyboard with adjustable actuation.',
        17999.00,
        50,
        1,
        5,
        'uploads/SteelSeries Apex Pro.jpeg',
        'uploads/SteelSeries Apex Pro_1.jpeg',
        'uploads/SteelSeries Apex Pro_2.jpeg',
        'uploads/SteelSeries Apex Pro_3.jpeg',
        'OmniPoint Adjustable Switches',
        'Per-Key RGB Lighting',
        'OLED Smart Display',
        'Aircraft-Grade Aluminum Build'
    ),
    (
        98,
        'Samsung 1TB T7 SSD',
        'Portable high-speed SSD for data transfer.',
        11999.00,
        50,
        1,
        5,
        'uploads/Samsung 1TB T7 SSD.jpeg',
        'uploads/Samsung 1TB T7 SSD_1.jpeg',
        'uploads/Samsung 1TB T7 SSD_2.jpeg',
        'uploads/Samsung 1TB T7 SSD_3.jpeg',
        '1050MB/s Read Speed',
        'Shock-Resistant Design',
        'USB 3.2 Gen 2 Support',
        'Compact & Lightweight'
    ),
    (
        99,
        'Belkin 3-in-1 MagSafe Charger',
        'Wireless charger for Apple devices.',
        12999.00,
        50,
        1,
        5,
        'uploads/Belkin 3-in-1 MagSafe Charger.jpeg',
        'uploads/Belkin 3-in-1 MagSafe Charger_1.jpeg',
        'uploads/Belkin 3-in-1 MagSafe Charger_2.jpeg',
        'uploads/Belkin 3-in-1 MagSafe Charger_3.jpeg',
        '15W Fast Wireless Charging',
        'Supports iPhone, Apple Watch & AirPods',
        'Adjustable Viewing Angles',
        'Sleek & Minimalist Design'
    ),
    (
        100,
        'Bose QuietComfort 45 Headphones',
        'Noise-canceling wireless headphones with premium sound.',
        26999.00,
        50,
        1,
        5,
        'uploads/Bose QuietComfort 45.jpeg',
        'uploads/Bose QuietComfort 45_1.jpeg',
        'uploads/Bose QuietComfort 45_2.jpeg',
        'uploads/Bose QuietComfort 45_3.jpeg',
        'Acoustic Noise Cancelling',
        'TriPort Acoustic Architecture',
        'Up to 24H Battery Life',
        'Soft & Comfortable Ear Cushions'
    ),
    (
        101,
        'Fresh Spinach Leaves',
        'Nutrient-rich leafy greens for salads & cooking.',
        60.00,
        50,
        2,
        6,
        'uploads/Fresh Spinach Leaves.jpeg',
        'uploads/Fresh Spinach Leaves_1.jpeg',
        'uploads/Fresh Spinach Leaves_2.jpeg',
        'uploads/Fresh Spinach Leaves_3.jpeg',
        'Rich in Iron & Vitamins',
        'Fresh & Organic',
        'Perfect for Salads & Curries',
        'Boosts Immunity'
    ),
    (
        102,
        'Crisp Iceberg Lettuce',
        'Crunchy lettuce ideal for salads and wraps.',
        80.00,
        50,
        2,
        6,
        'uploads/Crisp Iceberg Lettuce.jpeg',
        'uploads/Crisp Iceberg Lettuce_1.jpeg',
        'uploads/Crisp Iceberg Lettuce_2.jpeg',
        'uploads/Crisp Iceberg Lettuce_3.jpeg',
        'Fresh & Crunchy Texture',
        'Great for Salads & Burgers',
        'Low in Calories',
        'Hydrating & Nutritious'
    ),
    (
        103,
        'Organic Carrots',
        'Sweet and crunchy carrots for cooking and snacking.',
        50.00,
        50,
        2,
        6,
        'uploads/Organic Carrots.jpeg',
        'uploads/Organic Carrots_1.jpeg',
        'uploads/Organic Carrots_2.jpeg',
        'uploads/Organic Carrots_3.jpeg',
        'Rich in Beta-Carotene',
        'Supports Eye Health',
        'Ideal for Juicing & Cooking',
        'Fresh & Pesticide-Free'
    ),
    (
        104,
        'Green Bell Peppers',
        'Vibrant and crunchy peppers perfect for cooking.',
        90.00,
        50,
        2,
        6,
        'uploads/Green Bell Peppers.jpeg',
        'uploads/Green Bell Peppers_1.jpeg',
        'uploads/Green Bell Peppers_2.jpeg',
        'uploads/Green Bell Peppers_3.jpeg',
        'Rich in Vitamin C',
        'Enhances Flavor in Dishes',
        'Crisp & Fresh',
        'Ideal for Stir-Fry & Salads'
    ),
    (
        105,
        'Fresh Green Beans',
        'Tender green beans for a healthy meal.',
        70.00,
        50,
        2,
        6,
        'uploads/Fresh Green Beans.jpeg',
        'uploads/Fresh Green Beans_1.jpeg',
        'uploads/Fresh Green Beans_2.jpeg',
        'uploads/Fresh Green Beans_3.jpeg',
        'Naturally Low in Calories',
        'High in Fiber & Vitamins',
        'Perfect for Stir-Fries',
        'Fresh & Farm-Grown'
    ),
    (
        106,
        'Organic Cauliflower',
        'Versatile and nutritious cauliflower for various dishes.',
        85.00,
        50,
        2,
        6,
        'uploads/Organic Cauliflower.jpeg',
        'uploads/Organic Cauliflower_1.jpeg',
        'uploads/Organic Cauliflower_2.jpeg',
        'uploads/Organic Cauliflower_3.jpeg',
        'Rich in Fiber & Antioxidants',
        'Great for Low-Carb Diets',
        'Ideal for Roasting & Mashing',
        'Farm Fresh & Organic'
    ),
    (
        107,
        'Fresh Coriander Leaves',
        'Aromatic herb for garnishing and cooking.',
        30.00,
        50,
        2,
        6,
        'uploads/Fresh Coriander Leaves.jpeg',
        'uploads/Fresh Coriander Leaves_1.jpeg',
        'uploads/Fresh Coriander Leaves_2.jpeg',
        'uploads/Fresh Coriander Leaves_3.jpeg',
        'Adds Fresh Aroma',
        'Essential for Indian Cuisine',
        'Packed with Antioxidants',
        'Enhances Flavor & Digestion'
    ),
    (
        108,
        'Baby Corn Pack',
        'Tender baby corn for stir-fries and salads.',
        95.00,
        50,
        2,
        6,
        'uploads/Baby Corn Pack.jpeg',
        'uploads/Baby Corn Pack_1.jpeg',
        'uploads/Baby Corn Pack_2.jpeg',
        'uploads/Baby Corn Pack_3.jpeg',
        'Crisp & Mildly Sweet',
        'Ideal for Asian Cuisine',
        'Rich in Fiber & Nutrients',
        'Versatile & Easy to Cook'
    ),
    (
        109,
        'Red Radish Bunch',
        'Crisp and spicy radishes for salads and garnishes.',
        40.00,
        50,
        2,
        6,
        'uploads/Red Radish Bunch.jpeg',
        'uploads/Red Radish Bunch_1.jpeg',
        'uploads/Red Radish Bunch_2.jpeg',
        'uploads/Red Radish Bunch_3.jpeg',
        'Peppery & Crunchy Texture',
        'Supports Digestion',
        'Great for Salads & Pickles',
        'Rich in Vitamin C'
    ),
    (
        110,
        'Sweet Yellow Corn',
        'Juicy and sweet corn for grilling and cooking.',
        100.00,
        50,
        2,
        6,
        'uploads/Sweet Yellow Corn.jpeg',
        'uploads/Sweet Yellow Corn_1.jpeg',
        'uploads/Sweet Yellow Corn_2.jpeg',
        'uploads/Sweet Yellow Corn_3.jpeg',
        'Naturally Sweet Flavor',
        'Great for Boiling & Grilling',
        'High in Fiber & Vitamins',
        'Farm Fresh & Non-GMO'
    ),
    (
        111,
        'Juicy Oranges',
        'Fresh and tangy oranges packed with vitamin C.',
        120.00,
        50,
        2,
        7,
        'uploads/Juicy Oranges.jpeg',
        'uploads/Juicy Oranges_1.jpeg',
        'uploads/Juicy Oranges_2.jpeg',
        'uploads/Juicy Oranges_3.jpeg',
        'Rich in Vitamin C',
        'Boosts Immunity',
        'Great for Juices',
        'Naturally Sweet & Juicy'
    ),
    (
        112,
        'Sweet Mangoes',
        'Delicious seasonal mangoes, perfect for desserts.',
        200.00,
        50,
        2,
        7,
        'uploads/Sweet Mangoes.jpeg',
        'uploads/Sweet Mangoes_1.jpeg',
        'uploads/Sweet Mangoes_2.jpeg',
        'uploads/Sweet Mangoes_3.jpeg',
        'Rich & Pulpy Texture',
        'High in Vitamin A',
        'Perfect for Juices & Shakes',
        'Tropical & Sweet Taste'
    ),
    (
        113,
        'Fresh Pineapple',
        'Juicy and tangy pineapple great for snacking.',
        150.00,
        50,
        2,
        7,
        'uploads/Fresh Pineapple.jpeg',
        'uploads/Fresh Pineapple_1.jpeg',
        'uploads/Fresh Pineapple_2.jpeg',
        'uploads/Fresh Pineapple_3.jpeg',
        'Rich in Enzymes & Fiber',
        'Sweet & Slightly Tangy',
        'Good for Digestion',
        'Perfect for Smoothies'
    ),
    (
        114,
        'Green Grapes',
        'Seedless and juicy grapes, rich in antioxidants.',
        140.00,
        50,
        2,
        7,
        'uploads/Green Grapes.jpeg',
        'uploads/Green Grapes_1.jpeg',
        'uploads/Green Grapes_2.jpeg',
        'uploads/Green Grapes_3.jpeg',
        'Rich in Antioxidants',
        'Sweet & Juicy',
        'Great for Salads & Juices',
        'Boosts Heart Health'
    ),
    (
        115,
        'Red Watermelon',
        'Refreshing and hydrating watermelon, perfect for summer.',
        90.00,
        50,
        2,
        7,
        'uploads/Red Watermelon.jpeg',
        'uploads/Red Watermelon_1.jpeg',
        'uploads/Red Watermelon_2.jpeg',
        'uploads/Red Watermelon_3.jpeg',
        'High Water Content',
        'Naturally Sweet & Refreshing',
        'Rich in Lycopene',
        'Boosts Hydration'
    ),
    (
        116,
        'Sweet Papaya',
        'Ripe and naturally sweet papaya, great for digestion.',
        110.00,
        50,
        2,
        7,
        'uploads/Sweet Papaya.jpeg',
        'uploads/Sweet Papaya_1.jpeg',
        'uploads/Sweet Papaya_2.jpeg',
        'uploads/Sweet Papaya_3.jpeg',
        'Rich in Enzymes & Fiber',
        'Supports Digestion',
        'Boosts Skin Health',
        'Perfect for Breakfast'
    ),
    (
        117,
        'Blackberries',
        'Fresh and juicy blackberries packed with nutrients.',
        250.00,
        50,
        2,
        7,
        'uploads/Blackberries.jpeg',
        'uploads/Blackberries_1.jpeg',
        'uploads/Blackberries_2.jpeg',
        'uploads/Blackberries_3.jpeg',
        'Rich in Antioxidants',
        'Low in Calories',
        'Great for Smoothies',
        'Boosts Brain Health'
    ),
    (
        118,
        'Pomegranate',
        'Nutritious and juicy pomegranates, packed with antioxidants.',
        180.00,
        50,
        2,
        7,
        'uploads/Pomegranate.jpeg',
        'uploads/Pomegranate_1.jpeg',
        'uploads/Pomegranate_2.jpeg',
        'uploads/Pomegranate_3.jpeg',
        'High in Antioxidants',
        'Boosts Blood Circulation',
        'Great for Juices',
        'Sweet & Slightly Tart Taste'
    ),
    (
        119,
        'Strawberries',
        'Fresh and juicy strawberries perfect for desserts.',
        220.00,
        50,
        2,
        7,
        'uploads/Strawberries.jpeg',
        'uploads/Strawberries_1.jpeg',
        'uploads/Strawberries_2.jpeg',
        'uploads/Strawberries_3.jpeg',
        'Rich in Vitamin C',
        'Boosts Skin Health',
        'Sweet & Juicy',
        'Great for Smoothies & Cakes'
    ),
    (
        120,
        'Kiwi Fruit',
        'Exotic and tangy kiwi packed with nutrients.',
        160.00,
        50,
        2,
        7,
        'uploads/Kiwi Fruit.jpeg',
        'uploads/Kiwi Fruit_1.jpeg',
        'uploads/Kiwi Fruit_2.jpeg',
        'uploads/Kiwi Fruit_3.jpeg',
        'Rich in Vitamin C & Fiber',
        'Good for Digestion',
        'Boosts Immunity',
        'Sweet & Slightly Tart'
    ),
    (
        121,
        'Greek Yogurt (500g)',
        'Thick and creamy Greek yogurt rich in protein.',
        180.00,
        50,
        2,
        8,
        'uploads/Greek Yogurt.jpeg',
        'uploads/Greek Yogurt_1.jpeg',
        'uploads/Greek Yogurt_2.jpeg',
        'uploads/Greek Yogurt_3.jpeg',
        'High Protein Content',
        'Probiotic for Gut Health',
        'Thick & Creamy Texture',
        'No Artificial Additives'
    ),
    (
        122,
        'Organic Butter (250g)',
        'Pure and creamy organic butter for cooking and baking.',
        250.00,
        50,
        2,
        8,
        'uploads/Organic Butter.jpeg',
        'uploads/Organic Butter_1.jpeg',
        'uploads/Organic Butter_2.jpeg',
        'uploads/Organic Butter_3.jpeg',
        'Made from Grass-Fed Milk',
        'Rich & Creamy Flavor',
        'Perfect for Cooking & Baking',
        'No Preservatives'
    ),
    (
        123,
        'Mozzarella Cheese (200g)',
        'Soft and stretchy mozzarella cheese for pizzas.',
        220.00,
        50,
        2,
        8,
        'uploads/Mozzarella Cheese.jpeg',
        'uploads/Mozzarella Cheese_1.jpeg',
        'uploads/Mozzarella Cheese_2.jpeg',
        'uploads/Mozzarella Cheese_3.jpeg',
        'Perfect for Melting',
        'Rich & Mild Flavor',
        'Great for Pizzas & Pastas',
        'Made from Cow’s Milk'
    ),
    (
        124,
        'Fresh Paneer (500g)',
        'Soft and fresh paneer, perfect for Indian dishes.',
        210.00,
        50,
        2,
        8,
        'uploads/Fresh Paneer.jpeg',
        'uploads/Fresh Paneer_1.jpeg',
        'uploads/Fresh Paneer_2.jpeg',
        'uploads/Fresh Paneer_3.jpeg',
        'Rich in Protein',
        'Soft & Crumbly Texture',
        'Ideal for Indian Curries',
        'No Preservatives'
    ),
    (
        125,
        'Almond Milk (1L)',
        'Healthy and dairy-free almond milk alternative.',
        260.00,
        50,
        2,
        8,
        'uploads/Almond Milk.jpeg',
        'uploads/Almond Milk_1.jpeg',
        'uploads/Almond Milk_2.jpeg',
        'uploads/Almond Milk_3.jpeg',
        'Lactose-Free & Vegan',
        'Rich in Vitamin E',
        'Low in Calories',
        'No Added Sugar'
    ),
    (
        126,
        'Parmesan Cheese (150g)',
        'Aged parmesan cheese with a sharp and nutty flavor.',
        320.00,
        50,
        2,
        8,
        'uploads/Parmesan Cheese.jpeg',
        'uploads/Parmesan Cheese_1.jpeg',
        'uploads/Parmesan Cheese_2.jpeg',
        'uploads/Parmesan Cheese_3.jpeg',
        'Aged for 12 Months',
        'Rich & Sharp Flavor',
        'Perfect for Pastas & Salads',
        'High Calcium Content'
    ),
    (
        127,
        'Skimmed Milk (1L)',
        'Low-fat skimmed milk for a healthy diet.',
        100.00,
        50,
        2,
        8,
        'uploads/Skimmed Milk.jpeg',
        'uploads/Skimmed Milk_1.jpeg',
        'uploads/Skimmed Milk_2.jpeg',
        'uploads/Skimmed Milk_3.jpeg',
        'Low in Fat',
        'Rich in Calcium',
        'Ideal for Weight Management',
        'Great for Daily Consumption'
    ),
    (
        128,
        'Cottage Cheese (250g)',
        'Soft and crumbly cottage cheese rich in protein.',
        190.00,
        50,
        2,
        8,
        'uploads/Cottage Cheese.jpeg',
        'uploads/Cottage Cheese_1.jpeg',
        'uploads/Cottage Cheese_2.jpeg',
        'uploads/Cottage Cheese_3.jpeg',
        'Rich in Protein',
        'Mild & Creamy Flavor',
        'Great for Salads & Sandwiches',
        'Low in Calories'
    ),
    (
        129,
        'Flavored Yogurt (Strawberry) 400g',
        'Delicious strawberry-flavored yogurt for a sweet treat.',
        150.00,
        50,
        2,
        8,
        'uploads/Flavored Yogurt.jpeg',
        'uploads/Flavored Yogurt_1.jpeg',
        'uploads/Flavored Yogurt_2.jpeg',
        'uploads/Flavored Yogurt_3.jpeg',
        'Rich in Probiotics',
        'Creamy & Fruity Taste',
        'Great for Breakfast & Snacks',
        'Good for Digestion'
    ),
    (
        130,
        'Lactose-Free Milk (1L)',
        'Dairy milk without lactose for sensitive stomachs.',
        230.00,
        50,
        2,
        8,
        'uploads/Lactose Free Milk.jpeg',
        'uploads/Lactose Free Milk_1.jpeg',
        'uploads/Lactose Free Milk_2.jpeg',
        'uploads/Lactose Free Milk_3.jpeg',
        'Easy to Digest',
        'Rich in Calcium & Protein',
        'Ideal for Lactose Intolerant',
        'Creamy & Natural Taste'
    ),
    (
        131,
        'Spicy Masala Chips (6oz)',
        'Crunchy chips with bold spicy masala seasoning.',
        120.00,
        50,
        2,
        9,
        'uploads/Spicy Masala Chips.jpeg',
        'uploads/Spicy Masala Chips_1.jpeg',
        'uploads/Spicy Masala Chips_2.jpeg',
        'uploads/Spicy Masala Chips_3.jpeg',
        'Bold Spicy Flavor',
        'Crunchy & Crisp Texture',
        'Made with Natural Potatoes',
        'Perfect Party Snack'
    ),
    (
        132,
        'BBQ Flavored Potato Chips (7oz)',
        'Smoky and tangy BBQ-flavored potato chips.',
        140.00,
        50,
        2,
        9,
        'uploads/BBQ Chips.jpeg',
        'uploads/BBQ Chips_1.jpeg',
        'uploads/BBQ Chips_2.jpeg',
        'uploads/BBQ Chips_3.jpeg',
        'Rich Smoky Taste',
        'Crunchy & Fresh',
        'No Artificial Colors',
        'Gluten-Free Snack'
    ),
    (
        133,
        'Honey Roasted Peanuts (200g)',
        'Crunchy peanuts coated with sweet honey glaze.',
        180.00,
        50,
        2,
        9,
        'uploads/Honey Roasted Peanuts.jpeg',
        'uploads/Honey Roasted Peanuts_1.jpeg',
        'uploads/Honey Roasted Peanuts_2.jpeg',
        'uploads/Honey Roasted Peanuts_3.jpeg',
        'Sweet & Crunchy',
        'High Protein Snack',
        'Perfect for Snacking',
        'No Artificial Flavors'
    ),
    (
        134,
        'Corn Puffs (Cheese Flavored) 80g',
        'Light and crispy cheese-flavored corn puffs.',
        90.00,
        50,
        2,
        9,
        'uploads/Corn Puffs.jpeg',
        'uploads/Corn Puffs_1.jpeg',
        'uploads/Corn Puffs_2.jpeg',
        'uploads/Corn Puffs_3.jpeg',
        'Melt-in-Mouth Texture',
        'Cheesy & Savory',
        'Perfect for Kids',
        'No Preservatives'
    ),
    (
        135,
        'Salted Cashew Nuts (250g)',
        'Premium roasted cashew nuts with a light salt touch.',
        350.00,
        50,
        2,
        9,
        'uploads/Salted Cashew Nuts.jpeg',
        'uploads/Salted Cashew Nuts_1.jpeg',
        'uploads/Salted Cashew Nuts_2.jpeg',
        'uploads/Salted Cashew Nuts_3.jpeg',
        'Crunchy & Buttery Texture',
        'High in Protein & Fiber',
        'Lightly Salted',
        'Perfect Healthy Snack'
    ),
    (
        136,
        'Classic Butter Popcorn (150g)',
        'Movie-theater-style buttered popcorn.',
        160.00,
        50,
        2,
        9,
        'uploads/Classic Butter Popcorn.jpeg',
        'uploads/Classic Butter Popcorn_1.jpeg',
        'uploads/Classic Butter Popcorn_2.jpeg',
        'uploads/Classic Butter Popcorn_3.jpeg',
        'Rich Buttery Taste',
        'Light & Airy Texture',
        'Perfect Movie Snack',
        'Made from Whole Kernels'
    ),
    (
        137,
        'Spicy Trail Mix (200g)',
        'A mix of nuts, dried fruits, and spicy seasoning.',
        220.00,
        50,
        2,
        9,
        'uploads/Spicy Trail Mix.jpeg',
        'uploads/Spicy Trail Mix_1.jpeg',
        'uploads/Spicy Trail Mix_2.jpeg',
        'uploads/Spicy Trail Mix_3.jpeg',
        'Rich in Protein & Fiber',
        'Spicy & Crunchy',
        'Perfect Energy Booster',
        'Contains Almonds & Peanuts'
    ),
    (
        138,
        'Baked Multigrain Chips (6oz)',
        'Healthy baked chips made from multi-grains.',
        170.00,
        50,
        2,
        9,
        'uploads/Baked Multigrain Chips.jpeg',
        'uploads/Baked Multigrain Chips_1.jpeg',
        'uploads/Baked Multigrain Chips_2.jpeg',
        'uploads/Baked Multigrain Chips_3.jpeg',
        'Low in Calories',
        'Crunchy & Light',
        'Made from Whole Grains',
        'No Artificial Preservatives'
    ),
    (
        139,
        'Coconut Chips (100g)',
        'Crispy roasted coconut chips with a hint of sweetness.',
        130.00,
        50,
        2,
        9,
        'uploads/Coconut Chips.jpeg',
        'uploads/Coconut Chips_1.jpeg',
        'uploads/Coconut Chips_2.jpeg',
        'uploads/Coconut Chips_3.jpeg',
        'Natural & Healthy Snack',
        'No Added Sugar',
        'Rich in Fiber',
        'Crunchy & Tasty'
    ),
    (
        140,
        'Sour Cream & Onion Chips (6oz)',
        'Tangy sour cream & onion-flavored potato chips.',
        140.00,
        50,
        2,
        9,
        'uploads/Sour Cream Onion Chips.jpeg',
        'uploads/Sour Cream Onion Chips_1.jpeg',
        'uploads/Sour Cream Onion Chips_2.jpeg',
        'uploads/Sour Cream Onion Chips_3.jpeg',
        'Tangy & Creamy Flavor',
        'Crispy & Crunchy',
        'Made with Real Potatoes',
        'Perfect for Snacking'
    ),
    (
        141,
        'Almond Flour (2lb Pack)',
        'Finely ground almond flour perfect for gluten-free baking.',
        480.00,
        50,
        2,
        10,
        'uploads/Almond Flour.jpeg',
        'uploads/Almond Flour_1.jpeg',
        'uploads/Almond Flour_2.jpeg',
        'uploads/Almond Flour_3.jpeg',
        'Gluten-Free & Low-Carb',
        'Finely Ground Texture',
        'Rich in Protein',
        'Ideal for Keto Diets'
    ),
    (
        142,
        'Cocoa Powder (8oz)',
        'Unsweetened cocoa powder for rich chocolate flavor.',
        290.00,
        50,
        2,
        10,
        'uploads/Cocoa Powder.jpeg',
        'uploads/Cocoa Powder_1.jpeg',
        'uploads/Cocoa Powder_2.jpeg',
        'uploads/Cocoa Powder_3.jpeg',
        '100% Pure Cocoa',
        'Rich Chocolate Flavor',
        'No Additives or Preservatives',
        'Perfect for Baking & Beverages'
    ),
    (
        143,
        'Baking Soda (500g)',
        'Essential leavening agent for baking and cleaning.',
        95.00,
        50,
        2,
        10,
        'uploads/Baking Soda.jpeg',
        'uploads/Baking Soda_1.jpeg',
        'uploads/Baking Soda_2.jpeg',
        'uploads/Baking Soda_3.jpeg',
        'Multipurpose Use',
        'Aluminum-Free',
        'Odor Neutralizer',
        'Helps Dough Rise'
    ),
    (
        144,
        'Pure Vanilla Extract (4oz)',
        'Premium vanilla extract for rich baking flavor.',
        650.00,
        50,
        2,
        10,
        'uploads/Vanilla Extract.jpeg',
        'uploads/Vanilla Extract_1.jpeg',
        'uploads/Vanilla Extract_2.jpeg',
        'uploads/Vanilla Extract_3.jpeg',
        'Made from Real Vanilla Beans',
        'No Artificial Flavors',
        'Enhances Baked Goods',
        'Perfect for Desserts'
    );

INSERT INTO
    `tbl_products` (
        `product_id`,
        `product_name`,
        `description`,
        `price`,
        `stock_quantity`,
        `category_id`,
        `subcat_id`,
        `image1`,
        `image2`,
        `image3`,
        `image4`,
        `porduct_point1`,
        `porduct_point2`,
        `porduct_point3`,
        `porduct_point4`
    )
VALUES (
        145,
        'Baking Powder (300g)',
        'Double-acting baking powder for fluffy baked goods.',
        120.00,
        50,
        2,
        10,
        'uploads/Baking Powder.jpeg',
        'uploads/Baking Powder_1.jpeg',
        'uploads/Baking Powder_2.jpeg',
        'uploads/Baking Powder_3.jpeg',
        'Double-Acting Formula',
        'No Aluminum Added',
        'Ensures Even Rising',
        'Ideal for Cakes & Muffins'
    ),
    (
        146,
        'Powdered Sugar (16oz)',
        'Fine sugar powder ideal for icings and baking.',
        150.00,
        50,
        2,
        10,
        'uploads/Powdered Sugar.jpeg',
        'uploads/Powdered Sugar_1.jpeg',
        'uploads/Powdered Sugar_2.jpeg',
        'Powdered Sugar_3.jpeg',
        'Extra Fine Texture',
        'Dissolves Easily',
        'Perfect for Frostings',
        'No Artificial Additives'
    ),
    (
        147,
        'Yeast (Dry Active, 100g)',
        'Fast-rising yeast for soft, fluffy breads.',
        220.00,
        50,
        2,
        10,
        'uploads/Yeast.jpeg',
        'uploads/Yeast_1.jpeg',
        'uploads/Yeast_2.jpeg',
        'uploads/Yeast_3.jpeg',
        'Ideal for Bread Making',
        'Fast & Reliable',
        'Gives Light & Fluffy Texture',
        'No Artificial Preservatives'
    ),
    (
        148,
        'Cornstarch (400g)',
        'Multipurpose thickener for baking and cooking.',
        130.00,
        50,
        2,
        10,
        'uploads/Cornstarch.jpeg',
        'uploads/Cornstarch_1.jpeg',
        'uploads/Cornstarch_2.jpeg',
        'uploads/Cornstarch_3.jpeg',
        'Thickens Sauces & Gravies',
        'Smooth Texture',
        'Gluten-Free',
        'Essential Baking Ingredient'
    ),
    (
        149,
        'Unsalted Butter (500g)',
        'Creamy, high-quality butter for baking.',
        350.00,
        50,
        2,
        10,
        'uploads/Unsalted Butter.jpeg',
        'uploads/Unsalted Butter_1.jpeg',
        'uploads/Unsalted Butter_2.jpeg',
        'uploads/Unsalted Butter_3.jpeg',
        'Rich & Creamy Texture',
        'No Added Salt',
        'Ideal for Baking & Cooking',
        'Made from Pure Cream'
    ),
    (
        150,
        'Dark Chocolate Chips (12oz)',
        'Rich dark chocolate chips for baking & desserts.',
        450.00,
        50,
        2,
        10,
        'uploads/Dark Chocolate Chips.jpeg',
        'uploads/Dark Chocolate Chips_1.jpeg',
        'uploads/Dark Chocolate Chips_2.jpeg',
        'uploads/Dark Chocolate Chips_3.jpeg',
        'Made with 70% Cocoa',
        'No Artificial Sweeteners',
        'Perfect for Cookies & Cakes',
        'Gluten-Free & Vegan'
    ),
    (
        151,
        'Casual Sneakers',
        'Lightweight sneakers for daily comfort and style.',
        2999.00,
        50,
        3,
        11,
        'uploads/Casual Sneakers.jpeg',
        'uploads/Casual Sneakers_1.jpeg',
        'uploads/Casual Sneakers_2.jpeg',
        'uploads/Casual Sneakers_3.jpeg',
        'Breathable Mesh Material',
        'Memory Foam Insole',
        'Slip-Resistant Sole',
        'Perfect for Everyday Wear'
    ),
    (
        152,
        'Formal Leather Shoes',
        'Classic leather shoes for office and formal occasions.',
        4999.00,
        50,
        3,
        11,
        'uploads/Formal Leather Shoes.jpeg',
        'uploads/Formal Leather Shoes_1.jpeg',
        'uploads/Formal Leather Shoes_2.jpeg',
        'uploads/Formal Leather Shoes_3.jpeg',
        'Premium Leather Finish',
        'Cushioned Footbed',
        'Slip-Resistant Sole',
        'Ideal for Business Attire'
    ),
    (
        153,
        'Women’s Ballet Flats',
        'Elegant ballet flats designed for all-day comfort.',
        2499.00,
        50,
        3,
        11,
        'uploads/Women’s Ballet Flats.jpeg',
        'uploads/Women’s Ballet Flats_1.jpeg',
        'uploads/Women’s Ballet Flats_2.jpeg',
        'uploads/Women’s Ballet Flats_3.jpeg',
        'Soft & Flexible Material',
        'Slip-On Design',
        'Padded Insole for Comfort',
        'Perfect for Casual & Work Wear'
    ),
    (
        154,
        'Men’s Hiking Boots',
        'Durable and rugged boots for outdoor adventures.',
        5499.00,
        50,
        3,
        11,
        'uploads/Men’s Hiking Boots.jpeg',
        'uploads/Men’s Hiking Boots_1.jpeg',
        'uploads/Men’s Hiking Boots_2.jpeg',
        'uploads/Men’s Hiking Boots_3.jpeg',
        'Waterproof Leather Upper',
        'High-Traction Outsole',
        'Padded Ankle Support',
        'Designed for Tough Terrains'
    ),
    (
        155,
        'Women’s Running Shoes',
        'High-performance running shoes with responsive cushioning.',
        3799.00,
        50,
        3,
        11,
        'uploads/Women’s Running Shoes.jpeg',
        'uploads/Women’s Running Shoes_1.jpeg',
        'uploads/Women’s Running Shoes_2.jpeg',
        'uploads/Women’s Running Shoes_3.jpeg',
        'Lightweight & Breathable',
        'Shock-Absorbing Midsole',
        'Enhanced Arch Support',
        'Perfect for Jogging & Workouts'
    ),
    (
        156,
        'Slip-On Loafers',
        'Stylish and comfortable slip-on loafers for men.',
        3199.00,
        50,
        3,
        11,
        'uploads/Slip-On Loafers.jpg',
        'uploads/Slip-On Loafers_1.jpg',
        'uploads/Slip-On Loafers_2.jpg',
        'uploads/Slip-On Loafers_3.jpg',
        'Soft Leather Upper',
        'Padded Insole for Comfort',
        'Non-Slip Rubber Sole',
        'Ideal for Casual & Semi-Formal Wear'
    ),
    (
        157,
        'Women’s Sandals',
        'Comfortable and stylish sandals for summer.',
        1899.00,
        50,
        3,
        11,
        'uploads/Women’s Sandals.jpg',
        'uploads/Women’s Sandals_1.jpg',
        'uploads/Women’s Sandals_2.jpg',
        'uploads/Women’s Sandals_3.jpg',
        'Adjustable Strap Design',
        'Cushioned Footbed',
        'Lightweight for Comfort',
        'Perfect for Casual & Beach Wear'
    ),
    (
        158,
        'Men’s Flip Flops',
        'Casual flip-flops with cushioned sole for daily wear.',
        999.00,
        50,
        3,
        11,
        'uploads/Men’s Flip Flops.jpg',
        'uploads/Men’s Flip Flops_1.jpg',
        'uploads/Men’s Flip Flops_2.jpg',
        'uploads/Men’s Flip Flops_3.jpg',
        'Durable Rubber Sole',
        'Comfortable EVA Footbed',
        'Water-Resistant Material',
        'Ideal for Home & Beach Wear'
    ),
    (
        159,
        'Athletic Training Shoes',
        'Sports shoes designed for high-intensity training.',
        4299.00,
        50,
        3,
        11,
        'uploads/Athletic Training Shoes.jpg',
        'uploads/Athletic Training Shoes_1.jpg',
        'uploads/Athletic Training Shoes_2.jpg',
        'uploads/Athletic Training Shoes_3.jpg',
        'Shock Absorption Technology',
        'Flexible Outsole',
        'Breathable Mesh Upper',
        'Perfect for Gym & Running'
    ),
    (
        160,
        'Women’s Heeled Sandals',
        'Chic heeled sandals for formal and casual outings.',
        2699.00,
        50,
        3,
        11,
        'uploads/Women’s Heeled Sandals.jpg',
        'uploads/Women’s Heeled Sandals_1.jpg',
        'uploads/Women’s Heeled Sandals_2.jpg',
        'uploads/Women’s Heeled Sandals_3.jpg',
        'Elegant Strappy Design',
        'Comfortable Heel Height',
        'Adjustable Buckle Strap',
        'Ideal for Parties & Events'
    ),
    (
        161,
        'Luxury Leather Belt',
        'Premium leather belt with elegant metal buckle.',
        2199.00,
        50,
        3,
        12,
        'uploads/Luxury Leather Belt.jpg',
        'uploads/Luxury Leather Belt_1.jpg',
        'uploads/Luxury Leather Belt_2.jpg',
        'uploads/Luxury Leather Belt_3.jpg',
        'Genuine Leather Material',
        'Adjustable Fit Design',
        'Durable Metal Buckle',
        'Perfect for Formal & Casual Wear'
    ),
    (
        162,
        'Digital Sports Watch',
        'Water-resistant digital watch with multi-function display.',
        3499.00,
        50,
        3,
        12,
        'uploads/Digital Sports Watch.jpg',
        'uploads/Digital Sports Watch_1.jpg',
        'uploads/Digital Sports Watch_2.jpg',
        'uploads/Digital Sports Watch_3.jpg',
        'Shock Resistant Build',
        'LED Backlight Display',
        'Multiple Time Zones',
        'Ideal for Outdoor Activities'
    ),
    (
        163,
        'Women’s Fashion Scarf',
        'Stylish lightweight scarf for all seasons.',
        1299.00,
        50,
        3,
        12,
        'uploads/Women’s Fashion Scarf.jpg',
        'uploads/Women’s Fashion Scarf_1.jpg',
        'uploads/Women’s Fashion Scarf_2.jpg',
        'uploads/Women’s Fashion Scarf_3.jpg',
        'Soft & Breathable Fabric',
        'Elegant Pattern Design',
        'Multi-Purpose Styling',
        'Perfect for Casual & Formal Looks'
    ),
    (
        164,
        'Men’s Stainless Steel Bracelet',
        'Durable stainless steel bracelet with modern design.',
        2799.00,
        50,
        3,
        12,
        'uploads/Men’s Stainless Steel Bracelet.jpg',
        'uploads/Men’s Stainless Steel Bracelet_1.jpg',
        'uploads/Men’s Stainless Steel Bracelet_2.jpg',
        'uploads/Men’s Stainless Steel Bracelet_3.jpg',
        'Premium Stainless Steel',
        'Adjustable Clasp Design',
        'Scratch-Resistant Finish',
        'Ideal for Everyday Wear'
    ),
    (
        165,
        'Elegant Pearl Necklace',
        'Classic pearl necklace for a touch of sophistication.',
        4999.00,
        50,
        3,
        12,
        'uploads/Elegant Pearl Necklace.jpg',
        'uploads/Elegant Pearl Necklace_1.jpg',
        'uploads/Elegant Pearl Necklace_2.jpg',
        'uploads/Elegant Pearl Necklace_3.jpg',
        'Genuine Freshwater Pearls',
        'Silver Clasp Lock',
        'Timeless & Elegant Design',
        'Perfect for Formal Occasions'
    ),
    (
        166,
        'Designer Handbag (Women’s)',
        'Spacious designer handbag with premium quality finish.',
        5999.00,
        50,
        3,
        12,
        'uploads/Designer Handbag.jpg',
        'uploads/Designer Handbag_1.jpg',
        'uploads/Designer Handbag_2.jpg',
        'uploads/Designer Handbag_3.jpg',
        'High-Quality PU Leather',
        'Multiple Storage Compartments',
        'Adjustable Shoulder Strap',
        'Perfect for Work & Travel'
    ),
    (
        167,
        'Polarized Wayfarer Sunglasses',
        'Trendy wayfarer sunglasses with UV protection.',
        2399.00,
        50,
        3,
        12,
        'uploads/Polarized Wayfarer Sunglasses.jpg',
        'uploads/Polarized Wayfarer Sunglasses_1.jpg',
        'uploads/Polarized Wayfarer Sunglasses_2.jpg',
        'uploads/Polarized Wayfarer Sunglasses_3.jpg',
        '100% UV Protection',
        'Polarized Lenses',
        'Lightweight & Durable Frame',
        'Ideal for Outdoor & Driving'
    ),
    (
        168,
        'Leather Crossbody Bag',
        'Compact crossbody bag with adjustable strap.',
        2799.00,
        50,
        3,
        12,
        'uploads/Leather Crossbody Bag.jpg',
        'uploads/Leather Crossbody Bag_1.jpg',
        'uploads/Leather Crossbody Bag_2.jpg',
        'uploads/Leather Crossbody Bag_3.jpg',
        'Premium Leather Material',
        'Multiple Pockets for Organization',
        'Stylish & Lightweight',
        'Perfect for Travel & Daily Use'
    ),
    (
        169,
        'Luxury Cufflinks Set',
        'Elegant cufflinks set for formal wear.',
        3499.00,
        50,
        3,
        12,
        'uploads/Luxury Cufflinks Set.jpg',
        'uploads/Luxury Cufflinks Set_1.jpg',
        'uploads/Luxury Cufflinks Set_2.jpg',
        'uploads/Luxury Cufflinks Set_3.jpg',
        'Stainless Steel & Gold Plating',
        'Classic & Modern Designs',
        'Secure Fastening Mechanism',
        'Perfect for Business & Weddings'
    ),
    (
        170,
        'Fashion Fedora Hat',
        'Stylish fedora hat for men & women.',
        1899.00,
        50,
        3,
        12,
        'uploads/Fashion Fedora Hat.jpg',
        'uploads/Fashion Fedora Hat_1.jpg',
        'uploads/Fashion Fedora Hat_2.jpg',
        'uploads/Fashion Fedora Hat_3.jpg',
        'Soft Wool Blend Fabric',
        'Classic Wide Brim Design',
        'Lightweight & Breathable',
        'Ideal for Casual & Party Wear'
    ),
    (
        171,
        'Baby Romper Set (2 pcs)',
        'Soft and breathable cotton romper set for babies.',
        1799.00,
        50,
        3,
        13,
        'uploads/Baby Romper Set.jpg',
        'uploads/Baby Romper Set_1.jpg',
        'uploads/Baby Romper Set_2.jpg',
        'uploads/Baby Romper Set_3.jpg',
        '100% Pure Cotton Fabric',
        'Snap Closure for Easy Wear',
        'Soft & Breathable',
        'Adorable Printed Designs'
    ),
    (
        172,
        'Kids Denim Jacket',
        'Stylish denim jacket for boys and girls.',
        2499.00,
        50,
        3,
        13,
        'uploads/Kids Denim Jacket.jpg',
        'uploads/Kids Denim Jacket_1.jpg',
        'uploads/Kids Denim Jacket_2.jpg',
        'uploads/Kids Denim Jacket_3.jpg',
        'Durable Denim Fabric',
        'Button-Up Front Closure',
        'Trendy & Comfortable',
        'Perfect for All Seasons'
    ),
    (
        173,
        'Toddler Hoodie & Joggers Set',
        'Comfy fleece hoodie and joggers set for toddlers.',
        2199.00,
        50,
        3,
        13,
        'uploads/Toddler Hoodie Joggers Set.jpg',
        'uploads/Toddler Hoodie Joggers Set_1.jpg',
        'uploads/Toddler Hoodie Joggers Set_2.jpg',
        'uploads/Toddler Hoodie Joggers Set_3.jpg',
        'Soft Fleece Material',
        'Elastic Waistband for Comfort',
        'Hooded Design for Extra Warmth',
        'Ideal for Casual & Playtime'
    ),
    (
        174,
        'Kids Party Wear Dress',
        'Elegant party dress for girls with lace detailing.',
        2999.00,
        50,
        3,
        13,
        'uploads/Kids Party Wear Dress.jpg',
        'uploads/Kids Party Wear Dress_1.jpg',
        'uploads/Kids Party Wear Dress_2.jpg',
        'uploads/Kids Party Wear Dress_3.jpg',
        'Premium Lace & Satin Fabric',
        'Zipper Closure at Back',
        'Flared Skirt for Elegant Look',
        'Ideal for Birthdays & Weddings'
    ),
    (
        175,
        'Boys’ Cargo Shorts (2 pcs)',
        'Comfortable cotton cargo shorts for active kids.',
        1999.00,
        50,
        3,
        13,
        'uploads/Boys Cargo Shorts.jpg',
        'uploads/Boys Cargo Shorts_1.jpg',
        'uploads/Boys Cargo Shorts_2.jpg',
        'uploads/Boys Cargo Shorts_3.jpg',
        '100% Cotton Fabric',
        'Multiple Utility Pockets',
        'Adjustable Waistband',
        'Perfect for Summer & Outdoor Play'
    ),
    (
        176,
        'Girls’ Winter Coat',
        'Warm and stylish woolen coat for girls.',
        3999.00,
        50,
        3,
        13,
        'uploads/Girls Winter Coat.jpg',
        'uploads/Girls Winter Coat_1.jpg',
        'uploads/Girls Winter Coat_2.jpg',
        'uploads/Girls Winter Coat_3.jpg',
        'Premium Wool Blend Material',
        'Double-Breasted Button Closure',
        'Soft Inner Lining for Warmth',
        'Ideal for Cold Weather'
    ),
    (
        177,
        'Kids Thermal Pajama Set',
        'Soft thermal pajama set for boys and girls.',
        1799.00,
        50,
        3,
        13,
        'uploads/Kids Thermal Pajama Set.jpg',
        'uploads/Kids Thermal Pajama Set_1.jpg',
        'uploads/Kids Thermal Pajama Set_2.jpg',
        'uploads/Kids Thermal Pajama Set_3.jpg',
        'Breathable Cotton Blend',
        'Stretchable & Comfortable Fit',
        'Full-Sleeve Design for Warmth',
        'Perfect for Winter Nights'
    ),
    (
        178,
        'Unisex Cartoon Printed Sweatshirt',
        'Trendy sweatshirt with fun cartoon prints.',
        1599.00,
        50,
        3,
        13,
        'uploads/Unisex Cartoon Printed Sweatshirt.jpg',
        'uploads/Unisex Cartoon Printed Sweatshirt_1.jpg',
        'uploads/Unisex Cartoon Printed Sweatshirt_2.jpg',
        'uploads/Unisex Cartoon Printed Sweatshirt_3.jpg',
        'Soft & Cozy Fabric',
        'Vibrant Cartoon Graphics',
        'Ribbed Cuffs & Hem',
        'Great for Everyday Wear'
    ),
    (
        179,
        'Boys’ School Uniform Set',
        'Classic school uniform set including shirt & trousers.',
        2799.00,
        50,
        3,
        13,
        'uploads/Boys School Uniform Set.jpg',
        'uploads/Boys School Uniform Set_1.jpg',
        'uploads/Boys School Uniform Set_2.jpg',
        'uploads/Boys School Uniform Set_3.jpg',
        'Durable Polyester-Cotton Blend',
        'Adjustable Waistband for Comfort',
        'Easy-to-Iron Fabric',
        'Perfect for School Use'
    ),
    (
        180,
        'Girls’ Tulle Skirt & Top Set',
        'Adorable tulle skirt with matching top.',
        2599.00,
        50,
        3,
        13,
        'uploads/Girls Tulle Skirt Top Set.jpg',
        'uploads/Girls Tulle Skirt Top Set_1.jpg',
        'uploads/Girls Tulle Skirt Top Set_2.jpg',
        'uploads/Girls Tulle Skirt Top Set_3.jpg',
        'Fluffy Multi-Layered Tulle',
        'Elastic Waistband for Comfort',
        'Soft Cotton Top',
        'Perfect for Parties & Casual Outings'
    ),
    (
        181,
        'Classic Oxford Shirt',
        'A timeless Oxford shirt perfect for formal and casual wear.',
        2299.00,
        50,
        3,
        14,
        'uploads/Classic Oxford Shirt.jpg',
        'uploads/Classic Oxford Shirt_1.jpg',
        'uploads/Classic Oxford Shirt_2.jpg',
        'uploads/Classic Oxford Shirt_3.jpg',
        'Premium Cotton Fabric',
        'Button-Down Collar',
        'Slim Fit Design',
        'Ideal for Office & Casual Outings'
    ),
    (
        182,
        'Men’s Leather Jacket',
        'Stylish and durable leather jacket for a bold look.',
        5499.00,
        50,
        3,
        14,
        'uploads/Men’s Leather Jacket.jpg',
        'uploads/Men’s Leather Jacket_1.jpg',
        'uploads/Men’s Leather Jacket_2.jpg',
        'uploads/Men’s Leather Jacket_3.jpg',
        'Genuine Leather Material',
        'Zipper Closure',
        'Multiple Pockets',
        'Perfect for Winter & Biker Look'
    ),
    (
        183,
        'Athletic Jogger Pants',
        'Comfortable joggers for gym, running, and casual wear.',
        1999.00,
        50,
        3,
        14,
        'uploads/Athletic Jogger Pants.jpg',
        'uploads/Athletic Jogger Pants_1.jpg',
        'uploads/Athletic Jogger Pants_2.jpg',
        'uploads/Athletic Jogger Pants_3.jpg',
        'Stretchable & Breathable Fabric',
        'Elastic Waistband with Drawstring',
        'Side Zipper Pockets',
        'Ideal for Workouts & Daily Wear'
    ),
    (
        184,
        'Men’s Formal Suit (2-Piece)',
        'Elegant formal suit set for professional and formal occasions.',
        7999.00,
        50,
        3,
        14,
        'uploads/Men’s Formal Suit.jpg',
        'uploads/Men’s Formal Suit_1.jpg',
        'uploads/Men’s Formal Suit_2.jpg',
        'uploads/Men’s Formal Suit_3.jpg',
        'Premium Wool Blend Fabric',
        'Slim Fit Tailored Cut',
        'Single-Breasted Blazer',
        'Perfect for Business & Weddings'
    ),
    (
        185,
        'Casual Linen Shorts',
        'Lightweight linen shorts for summer comfort.',
        1799.00,
        50,
        3,
        14,
        'uploads/Casual Linen Shorts.jpg',
        'uploads/Casual Linen Shorts_1.jpg',
        'uploads/Casual Linen Shorts_2.jpg',
        'uploads/Casual Linen Shorts_3.jpg',
        'Breathable Linen Fabric',
        'Elastic Waistband with Button Closure',
        'Side & Back Pockets',
        'Great for Casual & Beachwear'
    ),
    (
        186,
        'Men’s Hooded Sweatshirt',
        'Cozy hoodie with a modern fit.',
        2599.00,
        50,
        3,
        14,
        'uploads/Men’s Hooded Sweatshirt.jpg',
        'uploads/Men’s Hooded Sweatshirt_1.jpg',
        'uploads/Men’s Hooded Sweatshirt_2.jpg',
        'uploads/Men’s Hooded Sweatshirt_3.jpg',
        'Soft Fleece Lining',
        'Adjustable Drawstring Hood',
        'Front Kangaroo Pocket',
        'Perfect for Chilly Weather'
    ),
    (
        187,
        'Men’s Chinos Pants',
        'Stylish chino pants for both casual and semi-formal wear.',
        2199.00,
        50,
        3,
        14,
        'uploads/Men’s Chinos Pants.jpg',
        'uploads/Men’s Chinos Pants_1.jpg',
        'uploads/Men’s Chinos Pants_2.jpg',
        'uploads/Men’s Chinos Pants_3.jpg',
        'Comfortable Cotton Blend',
        'Slim Fit Tapered Leg',
        'Belt Loops & Zip Fly',
        'Versatile for Work & Outings'
    ),
    (
        188,
        'Men’s Woolen Overcoat',
        'Classic woolen overcoat for winter elegance.',
        5999.00,
        50,
        3,
        14,
        'uploads/Men’s Woolen Overcoat.jpg',
        'uploads/Men’s Woolen Overcoat_1.jpg',
        'uploads/Men’s Woolen Overcoat_2.jpg',
        'uploads/Men’s Woolen Overcoat_3.jpg',
        'Thick Wool Blend Material',
        'Single-Breasted Button Closure',
        'Side Pockets for Functionality',
        'Ideal for Cold Weather'
    ),
    (
        189,
        'Men’s Graphic Printed T-Shirt',
        'Trendy t-shirt with stylish graphic prints.',
        1299.00,
        50,
        3,
        14,
        'uploads/Men’s Graphic Printed T-Shirt.jpg',
        'uploads/Men’s Graphic Printed T-Shirt_1.jpg',
        'uploads/Men’s Graphic Printed T-Shirt_2.jpg',
        'uploads/Men’s Graphic Printed T-Shirt_3.jpg',
        '100% Cotton Fabric',
        'Vibrant & Durable Print',
        'Round Neck & Short Sleeves',
        'Casual & Comfortable Fit'
    ),
    (
        190,
        'Men’s Cargo Pants',
        'Rugged and durable cargo pants for outdoor adventures.',
        2499.00,
        50,
        3,
        14,
        'uploads/Men’s Cargo Pants.jpg',
        'uploads/Men’s Cargo Pants_1.jpg',
        'uploads/Men’s Cargo Pants_2.jpg',
        'uploads/Men’s Cargo Pants_3.jpg',
        'Heavy-Duty Cotton Fabric',
        'Multiple Utility Pockets',
        'Adjustable Waist Tabs',
        'Great for Hiking & Outdoor Activities'
    ),
    (
        191,
        'Elegant Evening Gown',
        'A stunning evening gown perfect for formal occasions.',
        5499.00,
        50,
        3,
        15,
        'uploads/Elegant Evening Gown.jpg',
        'uploads/Elegant Evening Gown_1.jpg',
        'uploads/Elegant Evening Gown_2.jpg',
        'uploads/Elegant Evening Gown_3.jpg',
        'Premium Satin Fabric',
        'Flattering A-Line Silhouette',
        'Back Zipper Closure',
        'Ideal for Weddings & Galas'
    ),
    (
        192,
        'Women’s Denim Jacket',
        'Trendy denim jacket for a casual and stylish look.',
        2999.00,
        50,
        3,
        15,
        'uploads/Women’s Denim Jacket.jpg',
        'uploads/Women’s Denim Jacket_1.jpg',
        'uploads/Women’s Denim Jacket_2.jpg',
        'uploads/Women’s Denim Jacket_3.jpg',
        'High-Quality Denim Material',
        'Button-Down Front',
        'Classic Folded Collar',
        'Perfect for Layering'
    ),
    (
        193,
        'Women’s Summer Wrap Dress',
        'A breezy and elegant wrap dress for summer outings.',
        2799.00,
        50,
        3,
        15,
        'uploads/Women’s Summer Wrap Dress.jpg',
        'uploads/Women’s Summer Wrap Dress_1.jpg',
        'uploads/Women’s Summer Wrap Dress_2.jpg',
        'uploads/Women’s Summer Wrap Dress_3.jpg',
        'Lightweight Chiffon Fabric',
        'Adjustable Waist Tie',
        'Floral Printed Design',
        'Great for Beach & Casual Wear'
    ),
    (
        194,
        'Women’s Office Blazer',
        'Chic office blazer to elevate your professional style.',
        3599.00,
        50,
        3,
        15,
        'uploads/Women’s Office Blazer.jpg',
        'uploads/Women’s Office Blazer_1.jpg',
        'uploads/Women’s Office Blazer_2.jpg',
        'uploads/Women’s Office Blazer_3.jpg',
        'uploads/Soft & Stretchable Material',
        'Single-Button Closure',
        'Slim Fit Tailoring',
        'Perfect for Work & Meetings'
    ),
    (
        195,
        'Cozy Knit Sweater',
        'Warm and stylish sweater for chilly days.',
        2499.00,
        50,
        3,
        15,
        'uploads/Cozy Knit Sweater.jpg',
        'uploads/Cozy Knit Sweater_1.jpg',
        'uploads/Cozy Knit Sweater_2.jpg',
        'uploads/Cozy Knit Sweater_3.jpg',
        'Soft Wool Blend',
        'Comfortable & Relaxed Fit',
        'Ribbed Cuffs & Hem',
        'Ideal for Fall & Winter'
    ),
    (
        196,
        'Women’s Pleated Skirt',
        'A versatile pleated skirt for both casual and formal wear.',
        1899.00,
        50,
        3,
        15,
        'uploads/Women’s Pleated Skirt.jpg',
        'uploads/Women’s Pleated Skirt_1.jpg',
        'uploads/Women’s Pleated Skirt_2.jpg',
        'uploads/Women’s Pleated Skirt_3.jpg',
        'Flowy & Lightweight Fabric',
        'Elastic Waistband',
        'Elegant Pleated Design',
        'Great for Office & Casual Outfits'
    ),
    (
        197,
        'Women’s Workout Tank Top',
        'A breathable and stylish tank top for workouts.',
        1299.00,
        50,
        3,
        15,
        'uploads/Women’s Workout Tank Top.jpg',
        'uploads/Women’s Workout Tank Top_1.jpg',
        'uploads/Women’s Workout Tank Top_2.jpg',
        'uploads/Women’s Workout Tank Top_3.jpg',
        'Moisture-Wicking Fabric',
        'Stretchable & Comfortable Fit',
        'Sleeveless & Breathable',
        'Perfect for Gym & Yoga'
    ),
    (
        198,
        'Women’s Faux Leather Pants',
        'Trendy faux leather pants for an edgy look.',
        3399.00,
        50,
        3,
        15,
        'uploads/Women’s Faux Leather Pants.jpg',
        'uploads/Women’s Faux Leather Pants_1.jpg',
        'uploads/Women’s Faux Leather Pants_2.jpg',
        'uploads/Women’s Faux Leather Pants_3.jpg',
        'Sleek & Stylish Faux Leather',
        'Slim Fit & High Waist',
        'Elastic Waistband',
        'Perfect for Parties & Casual Looks'
    ),
    (
        199,
        'Women’s Boho Cardigan',
        'A stylish open-front cardigan for layering.',
        2299.00,
        50,
        3,
        15,
        'uploads/Women’s Boho Cardigan.jpg',
        'uploads/Women’s Boho Cardigan_1.jpg',
        'uploads/Women’s Boho Cardigan_2.jpg',
        'uploads/Women’s Boho Cardigan_3.jpg',
        'Soft & Cozy Knit Material',
        'Bohemian Open-Front Design',
        'Long Sleeves & Lightweight',
        'Ideal for Casual & Layering'
    ),
    (
        200,
        'Women’s Floral Midi Dress',
        'A charming floral dress for day and evening wear.',
        3199.00,
        50,
        3,
        15,
        'uploads/Women’s Floral Midi Dress.jpg',
        'uploads/Women’s Floral Midi Dress_1.jpg',
        'uploads/Women’s Floral Midi Dress_2.jpg',
        'uploads/Women’s Floral Midi Dress_3.jpg',
        'Flowy & Breathable Fabric',
        'Adjustable Waist Tie',
        'Vibrant Floral Print',
        'Great for Summer & Spring Events'
    ),
    (
        201,
        'Vintage Wooden Wall Shelf',
        'A stylish wooden wall shelf for home decor and storage.',
        2499.00,
        50,
        4,
        16,
        'uploads/Vintage Wooden Wall Shelf.webp',
        'uploads/Vintage Wooden Wall Shelf_1.webp',
        'uploads/Vintage Wooden Wall Shelf_2.webp',
        'uploads/Vintage Wooden Wall Shelf_3.webp',
        'Premium Quality Wood',
        'Rustic & Vintage Look',
        'Perfect for Books & Decor',
        'Easy Wall Mount Installation'
    ),
    (
        202,
        'Decorative Ceramic Vase',
        'Elegant ceramic vase for flowers and home decoration.',
        1799.00,
        50,
        4,
        16,
        'uploads/Decorative Ceramic Vase.webp',
        'uploads/Decorative Ceramic Vase_1.webp',
        'uploads/Decorative Ceramic Vase_2.webp',
        'uploads/Decorative Ceramic Vase_3.webp',
        'Handcrafted & Unique Design',
        'Durable High-Quality Ceramic',
        'Perfect for Indoor & Outdoor Decor',
        'Ideal for Fresh or Artificial Flowers'
    ),
    (
        203,
        'Luxury Velvet Throw Pillow',
        'Soft and plush throw pillow to enhance your home interior.',
        1299.00,
        50,
        4,
        16,
        'uploads/Luxury Velvet Throw Pillow.webp',
        'uploads/Luxury Velvet Throw Pillow_1.webp',
        'uploads/Luxury Velvet Throw Pillow_2.webp',
        'uploads/Luxury Velvet Throw Pillow_3.webp',
        'Premium Velvet Fabric',
        'Soft & Comfortable Filling',
        'Ideal for Sofa & Bed',
        'Elegant and Modern Design'
    ),
    (
        204,
        'Bohemian Macrame Wall Hanging',
        'Aesthetic macrame wall hanging for boho-style home decor.',
        2199.00,
        50,
        4,
        16,
        'uploads/Bohemian Macrame Wall Hanging.webp',
        'uploads/Bohemian Macrame Wall Hanging_1.webp',
        'uploads/Bohemian Macrame Wall Hanging_2.webp',
        'uploads/Bohemian Macrame Wall Hanging_3.webp',
        'Handwoven Cotton Threads',
        'Eco-Friendly & Handmade',
        'Perfect for Living Room & Bedroom',
        'Gives a Warm & Cozy Look'
    ),
    (
        205,
        'LED String Fairy Lights',
        'Warm and ambient fairy lights to brighten up your space.',
        999.00,
        50,
        4,
        16,
        'uploads/LED String Fairy Lights.webp',
        'uploads/LED String Fairy Lights_1.webp',
        'uploads/LED String Fairy Lights_2.webp',
        'uploads/LED String Fairy Lights_3.webp',
        'Battery & USB Operated',
        'Soft Warm Glow',
        'Ideal for Festivals & Parties',
        'Flexible & Easy to Hang'
    ),
    (
        206,
        'Modern Floating Wall Shelves',
        'Minimalist floating shelves to organize and decorate your home.',
        2899.00,
        50,
        4,
        16,
        'uploads/Modern Floating Wall Shelves.webp',
        'uploads/Modern Floating Wall Shelves_1.webp',
        'uploads/Modern Floating Wall Shelves_2.webp',
        'uploads/Modern Floating Wall Shelves_3.webp',
        'Strong & Durable Wood',
        'Sleek & Space-Saving Design',
        'Easy to Install with Mounting Kit',
        'Perfect for Living Room & Kitchen'
    ),
    (
        207,
        'Gold-Framed Wall Mirror',
        'Elegant gold-framed mirror for a luxury touch to your home.',
        3499.00,
        50,
        4,
        16,
        'uploads/Gold-Framed Wall Mirror.webp',
        'uploads/Gold-Framed Wall Mirror_1.webp',
        'uploads/Gold-Framed Wall Mirror_2.webp',
        'uploads/Gold-Framed Wall Mirror_3.webp',
        'Premium Glass with Anti-Scratch Coating',
        'Lightweight & Durable Frame',
        'Perfect for Bedroom & Living Room',
        'Adds Depth & Elegance to Space'
    ),
    (
        208,
        'Aroma Scented Candles Set',
        'A set of relaxing and aromatic scented candles.',
        1499.00,
        50,
        4,
        16,
        'uploads/Aroma Scented Candles Set.webp',
        'uploads/Aroma Scented Candles Set_1.webp',
        'uploads/Aroma Scented Candles Set_2.webp',
        'uploads/Aroma Scented Candles Set_3.webp',
        'Natural Soy Wax & Essential Oils',
        'Long-Lasting Fragrance',
        'Perfect for Relaxation & Meditation',
        'Elegant Glass Jar Design'
    ),
    (
        209,
        'Abstract Canvas Wall Art',
        'Modern abstract painting for wall decoration.',
        3999.00,
        50,
        4,
        16,
        'uploads/Abstract Canvas Wall Art.webp',
        'uploads/Abstract Canvas Wall Art_1.webp',
        'uploads/Abstract Canvas Wall Art_2.webp',
        'uploads/Abstract Canvas Wall Art_3.webp',
        'High-Quality Canvas Material',
        'Vibrant & Fade-Resistant Colors',
        'Easy to Hang with Hooks',
        'Adds a Contemporary Look to Your Space'
    ),
    (
        210,
        'Handwoven Jute Rug',
        'Eco-friendly jute rug for a natural and earthy touch.',
        3299.00,
        50,
        4,
        16,
        'uploads/Handwoven Jute Rug.webp',
        'uploads/Handwoven Jute Rug_1.webp',
        'uploads/Handwoven Jute Rug_2.webp',
        'uploads/Handwoven Jute Rug_3.webp',
        'Handwoven with 100% Natural Jute',
        'Durable & Long-Lasting',
        'Anti-Slip Backing',
        'Perfect for Living Room & Balcony'
    ),
    (
        211,
        'High-Speed Blender 1200W',
        'Powerful blender for smoothies, soups, and sauces.',
        5999.00,
        50,
        4,
        17,
        'uploads/High-Speed Blender 1200W.webp',
        'uploads/High-Speed Blender 1200W_1.webp',
        'uploads/High-Speed Blender 1200W_2.webp',
        'uploads/High-Speed Blender 1200W_3.webp',
        '1200W High-Speed Motor',
        'BPA-Free Tritan Jar',
        '6 Stainless Steel Blades',
        'Multiple Speed Settings'
    ),
    (
        212,
        'Automatic Coffee Maker',
        'Brew rich and aromatic coffee with this automatic coffee maker.',
        7499.00,
        50,
        4,
        17,
        'uploads/Automatic Coffee Maker.webp',
        'uploads/Automatic Coffee Maker_1.webp',
        'uploads/Automatic Coffee Maker_2.webp',
        'uploads/Automatic Coffee Maker_3.webp',
        'Built-in Grinder & Frother',
        'Programmable Timer',
        'Large 1.5L Water Reservoir',
        'Perfect for Espresso & Cappuccino'
    ),
    (
        213,
        'Multipurpose Food Processor',
        'A versatile food processor for chopping, slicing, and blending.',
        6799.00,
        50,
        4,
        17,
        'uploads/Multipurpose Food Processor.webp',
        'uploads/Multipurpose Food Processor_1.webp',
        'uploads/Multipurpose Food Processor_2.webp',
        'uploads/Multipurpose Food Processor_3.webp',
        '1000W Motor for Fast Processing',
        'Multiple Attachments for Versatile Use',
        'Large Capacity Bowl',
        'Easy to Clean & Dishwasher Safe'
    ),
    (
        214,
        'Induction Cooktop 2000W',
        'Energy-efficient induction cooktop with touch control.',
        3999.00,
        50,
        4,
        17,
        'uploads/Induction Cooktop 2000W.webp',
        'uploads/Induction Cooktop 2000W_1.webp',
        'uploads/Induction Cooktop 2000W_2.webp',
        'uploads/Induction Cooktop 2000W_3.webp',
        '2000W Fast Heating',
        'Smart Sensor Touch Control',
        'Auto Shut-Off Safety Feature',
        'Compatible with Induction Cookware'
    ),
    (
        215,
        'Electric Rice Cooker 1.8L',
        'Easy-to-use rice cooker for perfectly cooked rice every time.',
        3499.00,
        50,
        4,
        17,
        'uploads/Electric Rice Cooker 1.8L.webp',
        'uploads/Electric Rice Cooker 1.8L_1.webp',
        'uploads/Electric Rice Cooker 1.8L_2.webp',
        'uploads/Electric Rice Cooker 1.8L_3.webp',
        '1.8L Large Capacity',
        'Non-Stick Inner Pot',
        'Automatic Keep-Warm Function',
        'Energy Efficient & Fast Cooking'
    ),
    (
        216,
        'Handheld Electric Mixer',
        'Compact and powerful mixer for baking and cooking.',
        2599.00,
        50,
        4,
        17,
        'uploads/Handheld Electric Mixer.webp',
        'uploads/Handheld Electric Mixer_1.webp',
        'uploads/Handheld Electric Mixer_2.webp',
        'uploads/Handheld Electric Mixer_3.webp',
        '5 Speed Settings',
        'Stainless Steel Beaters',
        'Ergonomic & Lightweight Design',
        'Perfect for Cakes, Whipping & Dough'
    ),
    (
        217,
        'Digital Air Fryer Oven',
        'Multifunctional air fryer with digital controls.',
        8999.00,
        50,
        4,
        17,
        'uploads/Digital Air Fryer Oven.webp',
        'uploads/Digital Air Fryer Oven_1.webp',
        'uploads/Digital Air Fryer Oven_2.webp',
        'uploads/Digital Air Fryer Oven_3.webp',
        'Oil-Free Healthy Cooking',
        'Touchscreen & Preset Functions',
        'Large 5.5L Capacity',
        'Perfect for Frying, Roasting & Baking'
    ),
    (
        218,
        'Stainless Steel Toaster 4-Slice',
        'Durable and efficient 4-slice toaster with browning control.',
        3299.00,
        50,
        4,
        17,
        'uploads/Stainless Steel Toaster 4-Slice.webp',
        'uploads/Stainless Steel Toaster 4-Slice_1.webp',
        'uploads/Stainless Steel Toaster 4-Slice_2.webp',
        'uploads/Stainless Steel Toaster 4-Slice_3.webp',
        '4 Extra-Wide Slots',
        '7 Browning Levels',
        'High-Lift Lever for Easy Removal',
        'Crumb Tray for Easy Cleaning'
    ),
    (
        219,
        'Automatic Bread Maker',
        'Make fresh homemade bread with ease.',
        7999.00,
        50,
        4,
        17,
        'uploads/Automatic Bread Maker.webp',
        'uploads/Automatic Bread Maker_1.webp',
        'uploads/Automatic Bread Maker_2.webp',
        'uploads/Automatic Bread Maker_3.webp',
        '12 Pre-Programmed Settings',
        '1.5lb & 2lb Capacity Options',
        'Non-Stick Baking Pan',
        'Automatic Yeast & Fruit Dispenser'
    ),
    (
        220,
        'Multi-Function Electric Grill',
        'Perfect for grilling meats, veggies, and sandwiches.',
        6999.00,
        50,
        4,
        17,
        'uploads/Multi-Function Electric Grill.webp',
        'uploads/Multi-Function Electric Grill_1.webp',
        'uploads/Multi-Function Electric Grill_2.webp',
        'uploads/Multi-Function Electric Grill_3.webp',
        'Adjustable Temperature Control',
        'Non-Stick Cooking Surface',
        'Drip Tray for Fat Reduction',
        'Compact & Easy to Store'
    ),
    (
        221,
        'Heavy-Duty Floor Cleaner',
        'Powerful cleaner for removing dirt, grease, and stains.',
        599.00,
        50,
        4,
        18,
        'uploads/Heavy-Duty Floor Cleaner.webp',
        'uploads/Heavy-Duty Floor Cleaner_1.webp',
        'uploads/Heavy-Duty Floor Cleaner_2.webp',
        'uploads/Heavy-Duty Floor Cleaner_3.webp',
        'Removes Stubborn Stains',
        'Safe for All Floor Types',
        'Pleasant Lemon Scent',
        'Non-Toxic & Biodegradable'
    ),
    (
        222,
        'Antibacterial Surface Wipes',
        'Convenient disinfectant wipes for quick cleaning.',
        299.00,
        50,
        4,
        18,
        'uploads/Antibacterial Surface Wipes.webp',
        'uploads/Antibacterial Surface Wipes_1.webp',
        'uploads/Antibacterial Surface Wipes_2.webp',
        'uploads/Antibacterial Surface Wipes_3.webp',
        'Kills 99.9% of Germs',
        'Alcohol-Free & Skin Safe',
        'Perfect for Home & Office',
        '100 Wipes per Pack'
    ),
    (
        223,
        'Glass Cleaner Spray',
        'Streak-free formula for sparkling clean glass surfaces.',
        349.00,
        50,
        4,
        18,
        'uploads/Glass Cleaner Spray.webp',
        'uploads/Glass Cleaner Spray_1.webp',
        'uploads/Glass Cleaner Spray_2.webp',
        'uploads/Glass Cleaner Spray_3.webp',
        'Leaves No Streaks',
        'Fast-Drying Formula',
        'Safe for Windows & Mirrors',
        'Removes Smudges & Fingerprints'
    ),
    (
        224,
        'Dishwashing Liquid (1L)',
        'Gentle yet effective dishwashing liquid with citrus scent.',
        399.00,
        50,
        4,
        18,
        'uploads/Dishwashing Liquid.webp',
        'uploads/Dishwashing Liquid_1.webp',
        'uploads/Dishwashing Liquid_2.webp',
        'uploads/Dishwashing Liquid_3.webp',
        'Cuts Through Grease Easily',
        'Soft on Hands',
        'Refreshing Citrus Fragrance',
        'Eco-Friendly & Biodegradable'
    ),
    (
        225,
        'Heavy-Duty Scrub Sponges (6-Pack)',
        'Durable scrub sponges for tough stains.',
        249.00,
        50,
        4,
        18,
        'uploads/Heavy-Duty Scrub Sponges.webp',
        'uploads/Heavy-Duty Scrub Sponges_1.webp',
        'uploads/Heavy-Duty Scrub Sponges_2.webp',
        'uploads/Heavy-Duty Scrub Sponges_3.webp',
        'Dual-Sided Scrubbing Power',
        'Long-Lasting Durability',
        'Safe for Non-Stick Cookware',
        'Absorbs More Water for Better Cleaning'
    ),
    (
        226,
        'Bathroom Tile Cleaner',
        'Removes soap scum, mold, and mildew stains easily.',
        549.00,
        50,
        4,
        18,
        'uploads/Bathroom Tile Cleaner.webp',
        'uploads/Bathroom Tile Cleaner_1.webp',
        'uploads/Bathroom Tile Cleaner_2.webp',
        'uploads/Bathroom Tile Cleaner_3.webp',
        'Fast-Acting Stain Removal',
        'Works on Grout & Tiles',
        'Kills Bacteria & Mold',
        'Easy Spray & Wipe Application'
    ),
    (
        227,
        'Automatic Toilet Bowl Cleaner',
        'Drop-in toilet cleaner for continuous freshness.',
        399.00,
        50,
        4,
        18,
        'uploads/Automatic Toilet Bowl Cleaner.webp',
        'uploads/Automatic Toilet Bowl Cleaner_1.webp',
        'uploads/Automatic Toilet Bowl Cleaner_2.webp',
        'uploads/Automatic Toilet Bowl Cleaner_3.webp',
        'Self-Activating Cleaning Formula',
        'Prevents Stains & Limescale',
        'Long-Lasting Freshness',
        'Safe for Septic Tanks'
    ),
    (
        228,
        'Lint-Free Microfiber Cleaning Cloths (10-Pack)',
        'Super absorbent and reusable cleaning cloths.',
        349.00,
        50,
        4,
        18,
        'uploads/Microfiber Cleaning Cloths.webp',
        'uploads/Microfiber Cleaning Cloths_1.webp',
        'uploads/Microfiber Cleaning Cloths_2.webp',
        'uploads/Microfiber Cleaning Cloths_3.webp',
        'Ultra-Soft & Lint-Free',
        'Perfect for Dusting & Polishing',
        'Machine Washable & Reusable',
        'Highly Absorbent & Quick Drying'
    ),
    (
        229,
        'Reusable Latex Cleaning Gloves',
        'Durable and flexible gloves for household cleaning.',
        299.00,
        50,
        4,
        18,
        'uploads/Reusable Latex Cleaning Gloves.webp',
        'uploads/Reusable Latex Cleaning Gloves_1.webp',
        'uploads/Reusable Latex Cleaning Gloves_2.webp',
        'uploads/Reusable Latex Cleaning Gloves_3.webp',
        'Waterproof & Chemical Resistant',
        'Comfortable & Non-Slip Grip',
        'Reusable & Easy to Clean',
        'Available in Multiple Sizes'
    ),
    (
        230,
        'Odor Eliminator & Air Freshener',
        'Long-lasting air freshener for a fresh home.',
        499.00,
        50,
        4,
        18,
        'uploads/Odor Eliminator Air Freshener.webp',
        'uploads/Odor Eliminator Air Freshener_1.webp',
        'uploads/Odor Eliminator Air Freshener_2.webp',
        'uploads/Odor Eliminator Air Freshener_3.webp',
        'Neutralizes Odors Instantly',
        'Non-Toxic & Safe for Pets',
        'Long-Lasting Fresh Scent',
        'Ideal for Home, Car & Office'
    ),
    (
        231,
        'Modern TV Stand',
        'Stylish and durable TV stand with ample storage.',
        8999.00,
        50,
        4,
        19,
        'uploads/Modern TV Stand.webp',
        'uploads/Modern TV Stand_1.webp',
        'uploads/Modern TV Stand_2.webp',
        'uploads/Modern TV Stand_3.webp',
        'Fits up to 65-inch TVs',
        'Multiple Storage Compartments',
        'High-Quality MDF Wood',
        'Scratch-Resistant Finish'
    ),
    (
        232,
        'Luxury Recliner Sofa',
        'Comfortable and elegant recliner sofa for relaxation.',
        24999.00,
        50,
        4,
        19,
        'uploads/Luxury Recliner Sofa.webp',
        'uploads/Luxury Recliner Sofa_1.webp',
        'uploads/Luxury Recliner Sofa_2.webp',
        'uploads/Luxury Recliner Sofa_3.webp',
        'Soft Cushioning for Extra Comfort',
        'Durable Wooden Frame',
        'Adjustable Reclining Positions',
        'Premium Leather Upholstery'
    ),
    (
        233,
        'Minimalist Bookshelf',
        'Modern wooden bookshelf with 5-tier storage.',
        4999.00,
        50,
        4,
        19,
        'uploads/Minimalist Bookshelf.webp',
        'uploads/Minimalist Bookshelf_1.webp',
        'uploads/Minimalist Bookshelf_2.webp',
        'uploads/Minimalist Bookshelf_3.webp',
        '5 Spacious Storage Shelves',
        'Sturdy Wooden Build',
        'Sleek & Space-Saving Design',
        'Perfect for Home & Office'
    ),
    (
        234,
        'Dining Table Set (4 Seater)',
        'Elegant wooden dining table with 4 cushioned chairs.',
        17999.00,
        50,
        4,
        19,
        'uploads/Dining Table Set.webp',
        'uploads/Dining Table Set_1.webp',
        'uploads/Dining Table Set_2.webp',
        'uploads/Dining Table Set_3.webp',
        'Solid Wood Construction',
        'Ergonomic Cushioned Chairs',
        'Water-Resistant Finish',
        'Perfect for Family Dining'
    ),
    (
        235,
        'Bedside Table with Drawer',
        'Compact and stylish bedside table for storage.',
        2999.00,
        50,
        4,
        19,
        'uploads/Bedside Table with Drawer.webp',
        'uploads/Bedside Table with Drawer_1.webp',
        'uploads/Bedside Table with Drawer_2.webp',
        'uploads/Bedside Table with Drawer_3.webp',
        'Spacious Storage Drawer',
        'Durable Wooden Frame',
        'Elegant Modern Design',
        'Easy to Assemble'
    ),
    (
        236,
        'Foldable Study Desk',
        'Space-saving study desk with a foldable design.',
        3499.00,
        50,
        4,
        19,
        'uploads/Foldable Study Desk.webp',
        'uploads/Foldable Study Desk_1.webp',
        'uploads/Foldable Study Desk_2.webp',
        'uploads/Foldable Study Desk_3.webp',
        'Foldable & Portable',
        'Perfect for Home & Office',
        'Lightweight Yet Sturdy',
        'Spacious Work Surface'
    ),
    (
        237,
        'Shoe Rack with Storage',
        'Multi-tier shoe rack with additional storage space.',
        3999.00,
        50,
        4,
        19,
        'uploads/Shoe Rack with Storage.webp',
        'uploads/Shoe Rack with Storage_1.webp',
        'uploads/Shoe Rack with Storage_2.webp',
        'uploads/Shoe Rack with Storage_3.webp',
        'Holds Up to 20 Pairs',
        'Durable Wooden Construction',
        'Additional Storage Shelf',
        'Compact & Modern Design'
    ),
    (
        238,
        'Portable Folding Chair',
        'Lightweight and durable folding chair for indoor/outdoor use.',
        1499.00,
        50,
        4,
        19,
        'uploads/Portable Folding Chair.webp',
        'uploads/Portable Folding Chair_1.webp',
        'uploads/Portable Folding Chair_2.webp',
        'uploads/Portable Folding Chair_3.webp',
        'Lightweight & Portable',
        'Strong Metal Frame',
        'Padded Seat for Comfort',
        'Ideal for Home, Office & Events'
    ),
    (
        239,
        'Multi-Purpose Storage Cabinet',
        'Elegant wooden storage cabinet with multiple compartments.',
        6999.00,
        50,
        4,
        19,
        'uploads/Multi-Purpose Storage Cabinet.webp',
        'uploads/Multi-Purpose Storage Cabinet_1.webp',
        'uploads/Multi-Purpose Storage Cabinet_2.webp',
        'uploads/Multi-Purpose Storage Cabinet_3.webp',
        'Spacious Storage Capacity',
        'Durable Wooden Design',
        'Perfect for Living Room & Bedroom',
        'Easy to Assemble'
    ),
    (
        240,
        'Under-Bed Storage Organizer',
        'Slim and spacious under-bed storage box with zipper cover.',
        1499.00,
        50,
        4,
        20,
        'uploads/Under-Bed Storage Organizer.webp',
        'uploads/Under-Bed Storage Organizer_1.webp',
        'uploads/Under-Bed Storage Organizer_2.webp',
        'uploads/Under-Bed Storage Organizer_3.webp',
        'Fits Under Most Beds',
        'Breathable Fabric with Zipper Closure',
        'Clear Window for Easy Viewing',
        'Perfect for Clothes & Shoes'
    ),
    (
        241,
        'Metal Wire Storage Shelves',
        'Heavy-duty wire shelving unit for home or garage storage.',
        5999.00,
        50,
        4,
        20,
        'uploads/Metal Wire Storage Shelves.webp',
        'uploads/Metal Wire Storage Shelves_1.webp',
        'uploads/Metal Wire Storage Shelves_2.webp',
        'uploads/Metal Wire Storage Shelves_3.webp',
        '5-Tier Adjustable Shelving',
        'Rust-Resistant Steel',
        'Supports Up to 200 kg',
        'Easy Assembly Without Tools'
    ),
    (
        242,
        'Foldable Fabric Storage Boxes (Set of 4)',
        'Collapsible storage bins with handles for easy access.',
        1799.00,
        50,
        4,
        20,
        'uploads/Foldable Fabric Storage Boxes.webp',
        'uploads/Foldable Fabric Storage Boxes_1.webp',
        'uploads/Foldable Fabric Storage Boxes_2.webp',
        'uploads/Foldable Fabric Storage Boxes_3.webp',
        'Durable Non-Woven Fabric',
        'Reinforced Handles for Easy Carrying',
        'Perfect for Closet or Shelves',
        'Foldable When Not in Use'
    ),
    (
        243,
        'Over-the-Door Hanging Organizer',
        'Multi-pocket hanging organizer for small household items.',
        1299.00,
        50,
        4,
        20,
        'uploads/Over-the-Door Hanging Organizer.webp',
        'uploads/Over-the-Door Hanging Organizer_1.webp',
        'uploads/Over-the-Door Hanging Organizer_2.webp',
        'uploads/Over-the-Door Hanging Organizer_3.webp',
        'Multiple Storage Pockets',
        'Hangs on Standard Doors',
        'Durable & Sturdy Fabric',
        'Ideal for Shoes, Toys, Accessories'
    ),
    (
        244,
        'Rolling Storage Cart (3-Tier)',
        'Portable storage cart with wheels for kitchen or office.',
        2499.00,
        50,
        4,
        20,
        'uploads/Rolling Storage Cart.webp',
        'uploads/Rolling Storage Cart_1.webp',
        'uploads/Rolling Storage Cart_2.webp',
        'uploads/Rolling Storage Cart_3.webp',
        '3-Tier Spacious Storage',
        'Smooth-Rolling Wheels',
        'Durable Steel Frame',
        'Perfect for Home & Office'
    ),
    (
        245,
        'Wall-Mounted Floating Shelves (Set of 3)',
        'Stylish wooden floating shelves for home decor & storage.',
        1999.00,
        50,
        4,
        20,
        'uploads/Wall-Mounted Floating Shelves.webp',
        'uploads/Wall-Mounted Floating Shelves_1.webp',
        'uploads/Wall-Mounted Floating Shelves_2.webp',
        'uploads/Wall-Mounted Floating Shelves_3.webp',
        'Made of High-Quality MDF',
        'Modern & Space-Saving Design',
        'Supports Up to 10 kg per Shelf',
        'Easy to Install'
    ),
    (
        246,
        'Expandable Closet Organizer',
        'Adjustable closet storage system with hanging rods & shelves.',
        3499.00,
        50,
        4,
        20,
        'uploads/Expandable Closet Organizer.webp',
        'uploads/Expandable Closet Organizer_1.webp',
        'uploads/Expandable Closet Organizer_2.webp',
        'uploads/Expandable Closet Organizer_3.webp',
        'Expandable Width for Custom Fit',
        'Durable Metal Frame & Plastic Connectors',
        'Multiple Hanging & Storage Sections',
        'Ideal for Clothes, Shoes & Accessories'
    ),
    (
        247,
        'Drawer Dividers (Adjustable, Set of 6)',
        'Customizable drawer organizers for clothes & accessories.',
        1299.00,
        50,
        4,
        20,
        'uploads/Drawer Dividers.webp',
        'uploads/Drawer Dividers_1.webp',
        'uploads/Drawer Dividers_2.webp',
        'uploads/Drawer Dividers_3.webp',
        'Adjustable & Expandable Design',
        'Fits Most Standard Drawers',
        'Durable & Lightweight Plastic',
        'Ideal for Socks, Ties, Lingerie, and More'
    ),
    (
        248,
        'Heavy-Duty Storage Totes (50L, Set of 2)',
        'Large plastic storage containers with secure lids.',
        3499.00,
        50,
        4,
        20,
        'uploads/Heavy-Duty Storage Totes.webp',
        'uploads/Heavy-Duty Storage Totes_1.webp',
        'uploads/Heavy-Duty Storage Totes_2.webp',
        'uploads/Heavy-Duty Storage Totes_3.webp',
        '50L Capacity Per Tote',
        'Durable Plastic with Snap-On Lid',
        'Stackable for Space Efficiency',
        'Ideal for Seasonal Storage & Moving'
    ),
    (
        249,
        'Sprite Lemon-Lime Soda (8-Pack)',
        'Refreshing lemon-lime soda with crisp taste.',
        499.00,
        50,
        5,
        21,
        'uploads/Sprite Lemon-Lime Soda.webp',
        'uploads/Sprite Lemon-Lime Soda_1.webp',
        'uploads/Sprite Lemon-Lime Soda_2.webp',
        'uploads/Sprite Lemon-Lime Soda_3.webp',
        'No Caffeine',
        'Refreshing Citrus Flavor',
        'Best Served Chilled',
        'Great for Mixing with Cocktails'
    ),
    (
        250,
        'Fanta Orange Soda (6-Pack)',
        'Bold and fruity orange-flavored carbonated soft drink.',
        459.00,
        50,
        5,
        21,
        'uploads/Fanta Orange Soda.webp',
        'uploads/Fanta Orange Soda_1.webp',
        'uploads/Fanta Orange Soda_2.webp',
        'uploads/Fanta Orange Soda_3.webp',
        'Made with Real Orange Flavor',
        'Bright & Fizzy Taste',
        'Perfect for Any Occasion',
        'No Artificial Preservatives'
    ),
    (
        251,
        'Mountain Dew (8-Pack)',
        'High-energy citrus-flavored carbonated soft drink.',
        529.00,
        50,
        5,
        21,
        'uploads/Mountain Dew.webp',
        'uploads/Mountain Dew_1.webp',
        'uploads/Mountain Dew_2.webp',
        'uploads/Mountain Dew_3.webp',
        'Intense Citrus Kick',
        'Boosts Energy with Caffeine',
        'Great for Gamers & Late-Night Work',
        'Smooth & Refreshing Taste'
    ),
    (
        252,
        'Dr Pepper Original (6-Pack)',
        'Unique blend of 23 flavors in a rich, bold soda.',
        479.00,
        50,
        5,
        21,
        'uploads/Dr Pepper Original.webp',
        'uploads/Dr Pepper Original_1.webp',
        'uploads/Dr Pepper Original_2.webp',
        'uploads/Dr Pepper Original_3.webp',
        'Signature 23-Flavor Blend',
        'Sweet & Spicy Taste',
        'Great with Meals',
        'No Artificial Sweeteners'
    ),
    (
        253,
        '7UP Lemon Soda (6-Pack)',
        'Crisp and clean lemon-lime soft drink with a refreshing taste.',
        459.00,
        50,
        5,
        21,
        'uploads/7UP Lemon Soda.webp',
        'uploads/7UP Lemon Soda_1.webp',
        'uploads/7UP Lemon Soda_2.webp',
        'uploads/7UP Lemon Soda_3.webp',
        'Naturally Flavored',
        'No Caffeine',
        'Perfect for Mixing & Cocktails',
        'Great for Refreshment'
    ),
    (
        254,
        'Coca-Cola Diet (6-Pack)',
        'Classic Coca-Cola taste with zero sugar and no calories.',
        469.00,
        50,
        5,
        21,
        'uploads/Coca-Cola Diet.webp',
        'uploads/Coca-Cola Diet_1.webp',
        'uploads/Coca-Cola Diet_2.webp',
        'uploads/Coca-Cola Diet_3.webp',
        'Zero Sugar',
        'Same Great Coca-Cola Taste',
        'Ideal for Diet-Conscious Consumers',
        'Perfect with Any Meal'
    ),
    (
        255,
        'Pepsi Regular (8-Pack)',
        'Bold and refreshing cola with smooth taste.',
        499.00,
        50,
        5,
        21,
        'uploads/Pepsi Regular.webp',
        'uploads/Pepsi Regular_1.webp',
        'uploads/Pepsi Regular_2.webp',
        'uploads/Pepsi Regular_3.webp',
        'Crisp & Refreshing Taste',
        'Pairs Well with Snacks',
        'No Artificial Sweeteners',
        'Best Served Cold'
    ),
    (
        256,
        'Thums Up Strong Cola (6-Pack)',
        'Intense cola flavor with a bold and spicy kick.',
        469.00,
        50,
        5,
        21,
        'uploads/Thums Up Strong Cola.webp',
        'uploads/Thums Up Strong Cola_1.webp',
        'uploads/Thums Up Strong Cola_2.webp',
        'uploads/Thums Up Strong Cola_3.webp',
        'Strong Cola Taste',
        'Popular in India',
        'High Carbonation for Extra Fizz',
        'Best Enjoyed Chilled'
    ),
    (
        257,
        'Real Mango Juice (1L)',
        'Delicious and pulpy mango juice with natural sweetness.',
        199.00,
        50,
        5,
        22,
        'uploads/Real Mango Juice.webp',
        'uploads/Real Mango Juice_1.webp',
        'uploads/Real Mango Juice_2.webp',
        'uploads/Real Mango Juice_3.webp',
        'Made from Real Mangoes',
        'Rich in Vitamin C',
        'No Added Preservatives',
        'Best Served Chilled'
    ),
    (
        258,
        'Paper Boat Lychee Juice (500ml)',
        'Refreshing lychee juice with a nostalgic homemade taste.',
        129.00,
        50,
        5,
        22,
        'uploads/Paper Boat Lychee Juice.webp',
        'uploads/Paper Boat Lychee Juice_1.webp',
        'uploads/Paper Boat Lychee Juice_2.webp',
        'uploads/Paper Boat Lychee Juice_3.webp',
        'Naturally Sweet & Refreshing',
        'No Artificial Colors or Flavors',
        'Perfect Summer Drink',
        'Rich in Antioxidants'
    ),
    (
        259,
        'B Natural Mixed Fruit Juice (1L)',
        'A blend of delicious fruits packed with natural goodness.',
        210.00,
        50,
        5,
        22,
        'uploads/B Natural Mixed Fruit Juice.webp',
        'uploads/B Natural Mixed Fruit Juice_1.webp',
        'uploads/B Natural Mixed Fruit Juice_2.webp',
        'uploads/B Natural Mixed Fruit Juice_3.webp',
        'Made with 100% Indian Fruits',
        'No Added Sugar',
        'Rich in Fiber & Vitamin C',
        'Great for Breakfast & Snacking'
    ),
    (
        260,
        'Tropicana Pomegranate Juice (1L)',
        'Pure pomegranate juice loaded with antioxidants.',
        249.00,
        50,
        5,
        22,
        'uploads/Tropicana Pomegranate Juice.webp',
        'uploads/Tropicana Pomegranate Juice_1.webp',
        'uploads/Tropicana Pomegranate Juice_2.webp',
        'uploads/Tropicana Pomegranate Juice_3.webp',
        'No Artificial Preservatives',
        'Boosts Immunity',
        'Rich & Natural Taste',
        'Perfect for Refreshing Hydration'
    ),
    (
        261,
        'Minute Maid Guava Juice (1L)',
        'Rich and pulpy guava juice with a tropical flavor.',
        199.00,
        50,
        5,
        22,
        'uploads/Minute Maid Guava Juice.webp',
        'uploads/Minute Maid Guava Juice_1.webp',
        'uploads/Minute Maid Guava Juice_2.webp',
        'uploads/Minute Maid Guava Juice_3.webp',
        'Thick & Pulpy Texture',
        'High in Vitamin C',
        'No Artificial Sweeteners',
        'Great for Daily Hydration'
    ),
    (
        262,
        'Real Cranberry Juice (1L)',
        'Tangy and refreshing cranberry juice with health benefits.',
        269.00,
        50,
        5,
        22,
        'uploads/Real Cranberry Juice.webp',
        'uploads/Real Cranberry Juice_1.webp',
        'uploads/Real Cranberry Juice_2.webp',
        'uploads/Real Cranberry Juice_3.webp',
        'Supports Urinary Tract Health',
        'Rich in Antioxidants',
        'Low in Calories',
        'Perfect for Mixing with Other Beverages'
    ),
    (
        263,
        'Raw Pressery Sugarcane Juice (250ml)',
        'Freshly squeezed sugarcane juice with no added sugar.',
        99.00,
        50,
        5,
        22,
        'uploads/Raw Pressery Sugarcane Juice.webp',
        'uploads/Raw Pressery Sugarcane Juice_1.webp',
        'uploads/Raw Pressery Sugarcane Juice_2.webp',
        'uploads/Raw Pressery Sugarcane Juice_3.webp',
        '100% Cold Pressed Juice',
        'No Preservatives or Additives',
        'Hydrating & Detoxifying',
        'Natural Source of Energy'
    ),
    (
        264,
        'Bailley’s Tender Coconut Water (500ml)',
        'Refreshing and natural coconut water for instant hydration.',
        139.00,
        50,
        5,
        22,
        'uploads/Bailley’s Tender Coconut Water.webp',
        'uploads/Bailley’s Tender Coconut Water_1.webp',
        'uploads/Bailley’s Tender Coconut Water_2.webp',
        'uploads/Bailley’s Tender Coconut Water_3.webp',
        'Rich in Electrolytes',
        'No Added Sugar or Preservatives',
        'Boosts Hydration',
        'Great for Post-Workout Recovery'
    ),
    (
        265,
        'Del Monte Pineapple Juice (1L)',
        'Sweet and tangy pineapple juice, made from real pineapples.',
        219.00,
        50,
        5,
        22,
        'uploads/Del Monte Pineapple Juice.webp',
        'uploads/Del Monte Pineapple Juice_1.webp',
        'uploads/Del Monte Pineapple Juice_2.webp',
        'uploads/Del Monte Pineapple Juice_3.webp',
        'No Artificial Sweeteners',
        'High in Vitamin C',
        'Rich Tropical Flavor',
        'Perfect for Cocktails & Refreshments'
    ),
    (
        266,
        'Frooti Mango Drink (600ml)',
        'Popular Indian mango drink with a refreshing fruity taste.',
        55.00,
        50,
        5,
        22,
        'uploads/Frooti Mango Drink.webp',
        'uploads/Frooti Mango Drink_1.webp',
        'uploads/Frooti Mango Drink_2.webp',
        'uploads/Frooti Mango Drink_3.webp',
        'Rich & Pulpy Mango Taste',
        'Made from Real Alphonso Mangoes',
        'No Artificial Colors',
        'A Classic Refreshing Drink'
    ),
    (
        267,
        'Bru Gold Instant Coffee (100g)',
        'Premium instant coffee made from 100% pure coffee beans.',
        299.00,
        50,
        5,
        23,
        'uploads/Bru Gold Instant Coffee.webp',
        'uploads/Bru Gold Instant Coffee_1.webp',
        'uploads/Bru Gold Instant Coffee_2.webp',
        'uploads/Bru Gold Instant Coffee_3.webp',
        'Rich Aroma & Smooth Taste',
        '100% Coffee, No Chicory',
        'Perfect for Instant Brewing',
        'Ideal for Black Coffee & Milk Coffee'
    ),
    (
        268,
        'Starbucks Pike Place Roast Coffee Beans (200g)',
        'Smooth and well-balanced medium roast coffee.',
        799.00,
        50,
        5,
        23,
        'uploads/Starbucks Pike Place Roast.webp',
        'uploads/Starbucks Pike Place Roast_1.webp',
        'uploads/Starbucks Pike Place Roast_2.webp',
        'uploads/Starbucks Pike Place Roast_3.webp',
        '100% Arabica Coffee Beans',
        'Smooth & Balanced Flavor',
        'Signature Starbucks Blend',
        'Perfect for Drip & French Press'
    ),
    (
        269,
        'Taj Mahal Premium Tea (500g Pack)',
        'Strong and flavorful tea for an authentic Indian chai experience.',
        450.00,
        50,
        5,
        23,
        'uploads/Taj Mahal Premium Tea.webp',
        'uploads/Taj Mahal Premium Tea_1.webp',
        'uploads/Taj Mahal Premium Tea_2.webp',
        'uploads/Taj Mahal Premium Tea_3.webp',
        'Premium Blend of Assam Tea',
        'Strong & Rich Flavor',
        'Perfect for Masala Chai',
        'Loved by Tea Enthusiasts'
    ),
    (
        270,
        'Lipton Darjeeling Tea (250g Loose Leaf)',
        'Authentic Darjeeling tea with a floral aroma and a delicate taste.',
        399.00,
        50,
        5,
        23,
        'uploads/Lipton Darjeeling Tea.webp',
        'uploads/Lipton Darjeeling Tea_1.webp',
        'uploads/Lipton Darjeeling Tea_2.webp',
        'uploads/Lipton Darjeeling Tea_3.webp',
        '100% Pure Darjeeling Tea',
        'Light & Refreshing Taste',
        'No Artificial Flavors',
        'Perfect for Afternoon Tea'
    ),
    (
        271,
        'Greenbrrew Instant Green Coffee (60g, Lemon Flavor)',
        'Green coffee infused with natural lemon flavor for weight management.',
        599.00,
        50,
        5,
        23,
        'uploads/Greenbrrew Green Coffee.webp',
        'uploads/Greenbrrew Green Coffee_1.webp',
        'uploads/Greenbrrew Green Coffee_2.webp',
        'uploads/Greenbrrew Green Coffee_3.webp',
        'Made from Unroasted Green Beans',
        'Helps in Metabolism Boosting',
        'No Sugar, No Additives',
        'Refreshing Lemon Flavor'
    ),
    (
        272,
        'Blue Tokai Cold Brew Coffee (500ml, Ready-to-Drink)',
        'Smooth cold brew coffee with deep flavors and natural sweetness.',
        349.00,
        50,
        5,
        23,
        'uploads/Blue Tokai Cold Brew.webp',
        'uploads/Blue Tokai Cold Brew_1.webp',
        'uploads/Blue Tokai Cold Brew_2.webp',
        'uploads/Blue Tokai Cold Brew_3.webp',
        'No Sugar Added',
        'Slow Brewed for 16 Hours',
        'Rich & Smooth Taste',
        'Perfect for Iced Coffee'
    ),
    (
        273,
        'Wagh Bakri Masala Tea (250g)',
        'Traditional Indian masala tea with aromatic spices.',
        260.00,
        50,
        5,
        23,
        'uploads/Wagh Bakri Masala Tea.webp',
        'uploads/Wagh Bakri Masala Tea_1.webp',
        'uploads/Wagh Bakri Masala Tea_2.webp',
        'uploads/Wagh Bakri Masala Tea_3.webp',
        'Blended with Natural Spices',
        'Strong & Flavorful',
        'Perfect for Masala Chai',
        'Authentic Indian Taste'
    ),
    (
        274,
        'Continental Xtra Instant Coffee (50g, Strong Blend)',
        'Extra strong instant coffee for a bold and rich taste.',
        225.00,
        50,
        5,
        23,
        'uploads/Continental Xtra Instant Coffee.webp',
        'uploads/Continental Xtra Instant Coffee_1.webp',
        'uploads/Continental Xtra Instant Coffee_2.webp',
        'uploads/Continental Xtra Instant Coffee_3.webp',
        'High Caffeine Content',
        'Bold & Intense Flavor',
        'Quick & Easy to Prepare',
        'Perfect for Black Coffee Lovers'
    );

INSERT INTO
    `tbl_products` (
        `product_id`,
        `product_name`,
        `description`,
        `price`,
        `stock_quantity`,
        `category_id`,
        `subcat_id`,
        `image1`,
        `image2`,
        `image3`,
        `image4`,
        `porduct_point1`,
        `porduct_point2`,
        `porduct_point3`,
        `porduct_point4`
    )
VALUES (
        275,
        'uploads/Tetley British Blend Black Tea (100 Tea Bags)',
        'uploads/Classic black tea with a rich and full-bodied taste.',
        520.00,
        50,
        5,
        23,
        'uploads/Tetley British Blend Black Tea.webp',
        'uploads/Tetley British Blend Black Tea_1.webp',
        'uploads/Tetley British Blend Black Tea_2.webp',
        'uploads/Tetley British Blend Black Tea_3.webp',
        'Strong & Malty Flavor',
        'No Artificial Additives',
        'Great for Milk Tea or Black Tea',
        'Classic British Tea Experience'
    ),
    (
        276,
        'Davidoff Espresso 57 Intense Coffee (100g Jar)',
        'Premium instant coffee with a bold espresso flavor.',
        599.00,
        50,
        5,
        23,
        'uploads/Davidoff Espresso 57.webp',
        'uploads/Davidoff Espresso 57_1.webp',
        'uploads/Davidoff Espresso 57_2.webp',
        'uploads/Davidoff Espresso 57_3.webp',
        'Rich & Velvety Crema',
        'Balanced & Intense Aroma',
        'Perfect for Espresso & Cappuccino',
        'Premium European Blend'
    ),
    (
        277,
        'Gatorade Lemon Lime (500ml Bottle)',
        'Electrolyte-rich sports drink for hydration and energy.',
        99.00,
        50,
        5,
        24,
        'uploads/Gatorade Lemon Lime.webp',
        'uploads/Gatorade Lemon Lime_1.webp',
        'uploads/Gatorade Lemon Lime_2.webp',
        'uploads/Gatorade Lemon Lime_3.webp',
        'Replenishes Electrolytes',
        'Boosts Hydration',
        'Lemon Lime Flavor',
        'Trusted by Athletes'
    ),
    (
        278,
        'Powerade Mountain Berry Blast (500ml Bottle)',
        'Sports drink with electrolytes and B vitamins.',
        95.00,
        50,
        5,
        24,
        'uploads/Powerade Mountain Berry Blast.webp',
        'uploads/Powerade Mountain Berry Blast_1.webp',
        'uploads/Powerade Mountain Berry Blast_2.webp',
        'uploads/Powerade Mountain Berry Blast_3.webp',
        'Contains Electrolytes & B Vitamins',
        'Berry Flavor',
        'Hydration Support',
        'Ideal for Athletes'
    ),
    (
        279,
        'Rockstar Original Energy Drink (473ml Can)',
        'High-caffeine energy drink for long-lasting endurance.',
        150.00,
        50,
        5,
        24,
        'uploads/Rockstar Original Energy.webp',
        'uploads/Rockstar Original Energy_1.webp',
        'uploads/Rockstar Original Energy_2.webp',
        'uploads/Rockstar Original Energy_3.webp',
        'Taurine & Caffeine Boost',
        'Great for Energy & Focus',
        'Original Rockstar Flavor',
        'Sugar-Free Option Available'
    ),
    (
        280,
        'Bang Blue Razz Energy Drink (473ml Can)',
        'Zero-sugar energy drink with amino acids and CoQ10.',
        180.00,
        50,
        5,
        24,
        'uploads/Bang Blue Razz Energy.webp',
        'uploads/Bang Blue Razz Energy_1.webp',
        'uploads/Bang Blue Razz Energy_2.webp',
        'uploads/Bang Blue Razz Energy_3.webp',
        'Zero Sugar, Zero Calories',
        'Infused with Amino Acids',
        'Blue Raspberry Flavor',
        'No Artificial Colors'
    ),
    (
        281,
        'Reign Total Body Fuel (Peach Fizz, 500ml Can)',
        'Fitness-focused energy drink with natural caffeine.',
        170.00,
        50,
        5,
        24,
        'uploads/Reign Peach Fizz.webp',
        'uploads/Reign Peach Fizz_1.webp',
        'uploads/Reign Peach Fizz_2.webp',
        'uploads/Reign Peach Fizz_3.webp',
        '300mg Natural Caffeine',
        'No Sugar, No Calories',
        'BCAAs & Electrolytes',
        'Great for Pre-Workout'
    ),
    (
        282,
        'Celsius Sparkling Wild Berry (355ml Can)',
        'Metabolism-boosting energy drink with natural ingredients.',
        160.00,
        50,
        5,
        24,
        'uploads/Celsius Sparkling Wild Berry.webp',
        'uploads/Celsius Sparkling Wild Berry_1.webp',
        'uploads/Celsius Sparkling Wild Berry_2.webp',
        'uploads/Celsius Sparkling Wild Berry_3.webp',
        'Natural Caffeine & Green Tea Extract',
        'Zero Sugar, Vegan Friendly',
        'Boosts Metabolism & Energy',
        'Berry Flavor'
    ),
    (
        283,
        'NOS High Performance Energy Drink (473ml Can)',
        'High-performance energy drink for extreme endurance.',
        155.00,
        50,
        5,
        24,
        'uploads/NOS High Performance Energy.webp',
        'uploads/NOS High Performance Energy_1.webp',
        'uploads/NOS High Performance Energy_2.webp',
        'uploads/NOS High Performance Energy_3.webp',
        'Extreme Energy Boost',
        'Enhanced with Taurine & Caffeine',
        'Great for Focus & Performance',
        'Original Citrus Flavor'
    ),
    (
        284,
        '5-Hour Energy Extra Strength (Berry, 57ml Shot)',
        'Quick energy boost in a small shot format.',
        250.00,
        50,
        5,
        24,
        'uploads/5-Hour Energy Extra Strength.webp',
        'uploads/5-Hour Energy Extra Strength_1.webp',
        'uploads/5-Hour Energy Extra Strength_2.webp',
        'uploads/5-Hour Energy Extra Strength_3.webp',
        'Quick & Effective Energy Boost',
        'Sugar-Free Formula',
        'Contains B Vitamins & Amino Acids',
        'Compact & Portable'
    ),
    (
        285,
        'Prime Energy Drink (Tropical Punch, 355ml Can)',
        'Hydration-focused energy drink co-created by Logan Paul & KSI.',
        200.00,
        50,
        5,
        24,
        'uploads/Prime Energy Drink Tropical Punch.webp',
        'uploads/Prime Energy Drink Tropical Punch_1.webp',
        'uploads/Prime Energy Drink Tropical Punch_2.webp',
        'uploads/Prime Energy Drink Tropical Punch_3.webp',
        '200mg Caffeine',
        'No Sugar, Vegan Friendly',
        'Tropical Punch Flavor',
        'Designed for Hydration & Focus'
    ),
    (
        286,
        'Xyience Cherry Lime Energy Drink (473ml Can)',
        'Zero-calorie energy drink with a refreshing cherry lime taste.',
        165.00,
        50,
        5,
        24,
        'uploads/Xyience Cherry Lime Energy.webp',
        'uploads/Xyience Cherry Lime Energy_1.webp',
        'uploads/Xyience Cherry Lime Energy_2.webp',
        'uploads/Xyience Cherry Lime Energy_3.webp',
        'Zero Calories, Zero Sugar',
        'Cherry Lime Flavor',
        'Enhanced with B Vitamins',
        'Ideal for an Active Lifestyle'
    ),
    (
        287,
        'Johnnie Walker Black Label (750ml)',
        'Aged 12 years, rich and smooth Scotch whisky.',
        3500.00,
        50,
        5,
        25,
        'uploads/Johnnie Walker Black Label.webp',
        'uploads/Johnnie Walker Black Label_1.webp',
        'uploads/Johnnie Walker Black Label_2.webp',
        'uploads/Johnnie Walker Black Label_3.webp',
        '12-Year-Old Blended Scotch',
        'Smooth & Smoky Flavor',
        'Ideal for Cocktails or Neat',
        'Premium Quality'
    ),
    (
        288,
        'Jameson Irish Whiskey (750ml)',
        'Triple distilled for smoothness with a balanced finish.',
        2800.00,
        50,
        5,
        25,
        'uploads/Jameson Irish Whiskey.webp',
        'uploads/Jameson Irish Whiskey_1.webp',
        'uploads/Jameson Irish Whiskey_2.webp',
        'uploads/Jameson Irish Whiskey_3.webp',
        'Smooth Irish Whiskey',
        'Triple Distilled',
        'Balanced Notes of Vanilla & Spice',
        'Great for Cocktails & Neat'
    ),
    (
        289,
        'Absolut Vodka (750ml)',
        'Premium Swedish vodka, distilled from winter wheat.',
        2000.00,
        50,
        5,
        25,
        'uploads/Absolut Vodka.webp',
        'uploads/Absolut Vodka_1.webp',
        'uploads/Absolut Vodka_2.webp',
        'uploads/Absolut Vodka_3.webp',
        'Swedish Premium Vodka',
        'Smooth & Clean Taste',
        'Great for Cocktails',
        'Distilled from Winter Wheat'
    ),
    (
        290,
        'Bacardi Superior White Rum (750ml)',
        'Classic white rum with a clean, crisp taste.',
        1500.00,
        50,
        5,
        25,
        'uploads/Bacardi White Rum.webp',
        'uploads/Bacardi White Rum_1.webp',
        'uploads/Bacardi White Rum_2.webp',
        'uploads/Bacardi White Rum_3.webp',
        'Classic White Rum',
        'Perfect for Cocktails',
        'Crisp & Clean Finish',
        'Caribbean Distilled'
    ),
    (
        291,
        'Patrón Silver Tequila (750ml)',
        'Premium handcrafted tequila with a fresh agave taste.',
        4500.00,
        50,
        5,
        25,
        'uploads/Patrón Silver Tequila.webp',
        'uploads/Patrón Silver Tequila_1.webp',
        'uploads/Patrón Silver Tequila_2.webp',
        'uploads/Patrón Silver Tequila_3.webp',
        'Ultra-Premium Tequila',
        'Smooth & Fresh Agave Taste',
        'Handcrafted in Mexico',
        'Perfect for Margaritas'
    ),
    (
        292,
        'Hennessy VS Cognac (750ml)',
        'Premium French cognac with a bold, rich flavor.',
        5000.00,
        50,
        5,
        25,
        'uploads/Hennessy VS Cognac.webp',
        'uploads/Hennessy VS Cognac_1.webp',
        'uploads/Hennessy VS Cognac_2.webp',
        'uploads/Hennessy VS Cognac_3.webp',
        'Fine French Cognac',
        'Rich & Bold Flavor',
        'Aged in Oak Barrels',
        'Ideal for Sipping & Cocktails'
    ),
    (
        293,
        'Chivas Regal 12-Year-Old Scotch (750ml)',
        'Smooth, premium blended Scotch whisky.',
        3700.00,
        50,
        5,
        25,
        'uploads/Chivas Regal 12.webp',
        'uploads/Chivas Regal 12_1.webp',
        'uploads/Chivas Regal 12_2.webp',
        'uploads/Chivas Regal 12_3.webp',
        '12-Year-Old Blended Whisky',
        'Rich & Smooth Taste',
        'Matured in Oak Casks',
        'Great for Gifting & Enjoyment'
    ),
    (
        294,
        'Grey Goose Vodka (750ml)',
        'Ultra-premium French vodka with an exceptionally smooth finish.',
        4000.00,
        50,
        5,
        25,
        'uploads/Grey Goose Vodka.webp',
        'uploads/Grey Goose Vodka_1.webp',
        'uploads/Grey Goose Vodka_2.webp',
        'uploads/Grey Goose Vodka_3.webp',
        'French Luxury Vodka',
        'Exceptionally Smooth',
        'Made from French Wheat',
        'Perfect for Cocktails & Neat'
    ),
    (
        295,
        'Corona Extra Beer (355ml, 6-Pack)',
        'Refreshing Mexican lager, best served with a lime.',
        1200.00,
        50,
        5,
        25,
        'uploads/Corona Extra Beer.webp',
        'uploads/Corona Extra Beer_1.webp',
        'uploads/Corona Extra Beer_2.webp',
        'uploads/Corona Extra Beer_3.webp',
        'Mexican Lager',
        'Crisp & Refreshing',
        'Best Served with Lime',
        'Great for Social Gatherings'
    ),
    (
        296,
        'Budweiser Lager Beer (500ml, 6-Pack)',
        'Classic American lager with a smooth, crisp taste.',
        1100.00,
        50,
        5,
        25,
        'uploads/Budweiser Beer.webp',
        'uploads/Budweiser Beer_1.webp',
        'uploads/Budweiser Beer_2.webp',
        'uploads/Budweiser Beer_3.webp',
        'Smooth & Crisp American Lager',
        'Iconic Beer Brand',
        'Great for Parties',
        'Best Served Chilled'
    );

-- --------------------------------------------------------

--
-- Table structure for table `tbl_product_requests`
--

CREATE TABLE `tbl_product_requests` (
    `product_request_id` bigint(20) UNSIGNED NOT NULL,
    `user_id` bigint(20) UNSIGNED NOT NULL,
    `product_name` varchar(255) NOT NULL,
    `quantity` int(11) NOT NULL,
    `requested_at` timestamp NOT NULL DEFAULT current_timestamp()
) ENGINE = InnoDB DEFAULT CHARSET = utf8mb4 COLLATE = utf8mb4_unicode_ci;

--
-- Dumping data for table `tbl_product_requests`
--

INSERT INTO
    `tbl_product_requests` (
        `product_request_id`,
        `user_id`,
        `product_name`,
        `quantity`,
        `requested_at`
    )
VALUES (
        1,
        7,
        'Hand Towel',
        5,
        '2025-04-15 00:07:41'
    ),
    (
        2,
        9,
        'Redmi Note 5 Pro',
        1,
        '2025-04-16 02:27:56'
    );

-- --------------------------------------------------------

--
-- Table structure for table `tbl_subcategory`
--

CREATE TABLE `tbl_subcategory` (
    `subcat_id` int(11) NOT NULL,
    `subcat_name` varchar(255) NOT NULL,
    `category_id` int(11) NOT NULL
) ENGINE = InnoDB DEFAULT CHARSET = utf8mb4 COLLATE = utf8mb4_general_ci;

--
-- Dumping data for table `tbl_subcategory`
--

INSERT INTO
    `tbl_subcategory` (
        `subcat_id`,
        `subcat_name`,
        `category_id`
    )
VALUES (1, 'Mobile Phones', 1),
    (2, 'Laptops', 1),
    (3, 'Televisions', 1),
    (4, 'Cameras', 1),
    (5, 'Accessories', 1),
    (6, 'Fresh Vegetables', 2),
    (7, 'Fruits', 2),
    (8, 'Dairy Products', 2),
    (9, 'Snacks & Chips', 2),
    (10, 'Baking Essentials', 2),
    (11, 'Footwear', 3),
    (12, 'Accessories', 3),
    (13, 'Kids Wear', 3),
    (14, 'Men Fashion', 3),
    (15, 'Womens Fashion', 3),
    (16, 'Home Decor', 4),
    (17, 'Kitchen Appliances', 4),
    (18, 'Cleaning Supplies', 4),
    (19, 'Furniture', 4),
    (20, 'Storage Solutions', 4),
    (21, 'Soft Drinks', 5),
    (22, 'Juices', 5),
    (23, 'Tea & Coffee', 5),
    (24, 'Energy Drinks', 5),
    (25, 'Alcoholic Beverages', 5);

-- --------------------------------------------------------

--
-- Table structure for table `tbl_user`
--

CREATE TABLE `tbl_user` (
    `user_id` bigint(20) UNSIGNED NOT NULL,
    `user_name` varchar(255) NOT NULL,
    `user_email` varchar(255) NOT NULL,
    `user_password` varchar(255) NOT NULL,
    `created_at` timestamp NULL DEFAULT NULL,
    `updated_at` timestamp NULL DEFAULT NULL
) ENGINE = InnoDB DEFAULT CHARSET = utf8mb4 COLLATE = utf8mb4_unicode_ci;

--
-- Dumping data for table `tbl_user`
--

INSERT INTO
    `tbl_user` (
        `user_id`,
        `user_name`,
        `user_email`,
        `user_password`,
        `created_at`,
        `updated_at`
    )
VALUES (
        1,
        'Dwip',
        'aydnapdwip@gmail.com',
        '$2y$12$lCMoj.yzHn9V8rNBzBGhhe1X5sxtgvbw7K.Mks.h74KBUp/lG4NMC',
        NULL,
        NULL
    ),
    (
        2,
        'Atul',
        'atul@gmail.com',
        '$2y$12$6vdLFywHA/ORsc3O10PYIuM8UWhtcktXy1INqsAu0A3p2VR/rzta.',
        NULL,
        NULL
    ),
    (
        3,
        'Trupti',
        'trupti007@gmail.com',
        '$2y$12$ZR.pnrGA3KaJw/6teyzgQufh4Dg1umL3xtwRRzj1zFh0u8C9W2Iva',
        NULL,
        NULL
    ),
    (
        4,
        'Akash',
        'akash@gmail.com',
        '$2y$12$VzKR58Ryk7IqVBYz6CmZTeXDUgIr2e5wHF9Z.h7xOssTunhXkqlE2',
        NULL,
        NULL
    ),
    (
        5,
        'Vrushabh',
        'vg@gmail.com',
        '$2y$12$Z4qot5Kp.71ePfKebZsKfuq.Bng1wLY8hN92T4t.dSgMHDoUpd2EC',
        NULL,
        NULL
    ),
    (
        6,
        'Sahil',
        'sahilsharma@gmail.com',
        '$2y$12$U4ECiMU4VnnGgwM98aDvdOCIO8nWoHC8/J4l.0aLsRAmTnz9948cK',
        NULL,
        NULL
    );

-- --------------------------------------------------------

--
-- Table structure for table `users`
--

CREATE TABLE `users` (
    `id` bigint(20) UNSIGNED NOT NULL,
    `name` varchar(255) NOT NULL,
    `email` varchar(255) NOT NULL,
    `email_verified_at` timestamp NULL DEFAULT NULL,
    `password` varchar(255) NOT NULL,
    `remember_token` varchar(100) DEFAULT NULL,
    `created_at` timestamp NULL DEFAULT NULL,
    `updated_at` timestamp NULL DEFAULT NULL
) ENGINE = InnoDB DEFAULT CHARSET = utf8mb4 COLLATE = utf8mb4_unicode_ci;

--
-- Indexes for dumped tables
--

--
-- Indexes for table `cache`
--
ALTER TABLE `cache` ADD PRIMARY KEY (`key`);

--
-- Indexes for table `cache_locks`
--
ALTER TABLE `cache_locks` ADD PRIMARY KEY (`key`);

--
-- Indexes for table `failed_jobs`
--
ALTER TABLE `failed_jobs`
ADD PRIMARY KEY (`id`),
ADD UNIQUE KEY `failed_jobs_uuid_unique` (`uuid`);

--
-- Indexes for table `jobs`
--
ALTER TABLE `jobs`
ADD PRIMARY KEY (`id`),
ADD KEY `jobs_queue_index` (`queue`);

--
-- Indexes for table `job_batches`
--
ALTER TABLE `job_batches` ADD PRIMARY KEY (`id`);

--
-- Indexes for table `migrations`
--
ALTER TABLE `migrations` ADD PRIMARY KEY (`id`);

--
-- Indexes for table `password_reset_tokens`
--
ALTER TABLE `password_reset_tokens` ADD PRIMARY KEY (`email`);

--
-- Indexes for table `reviews`
--
ALTER TABLE `reviews` ADD PRIMARY KEY (`review_id`);

--
-- Indexes for table `sessions`
--
ALTER TABLE `sessions`
ADD PRIMARY KEY (`id`),
ADD KEY `sessions_user_id_index` (`user_id`),
ADD KEY `sessions_last_activity_index` (`last_activity`);

--
-- Indexes for table `tbl_cart`
--
ALTER TABLE `tbl_cart` ADD PRIMARY KEY (`cart_id`);

--
-- Indexes for table `tbl_category`
--
ALTER TABLE `tbl_category` ADD PRIMARY KEY (`category_id`);

--
-- Indexes for table `tbl_orders`
--
ALTER TABLE `tbl_orders` ADD PRIMARY KEY (`order_id`);

--
-- Indexes for table `tbl_order_items`
--
ALTER TABLE `tbl_order_items` ADD PRIMARY KEY (`order_item_id`);

--
-- Indexes for table `tbl_products`
--
ALTER TABLE `tbl_products` ADD PRIMARY KEY (`product_id`);

--
-- Indexes for table `tbl_product_requests`
--
ALTER TABLE `tbl_product_requests`
ADD PRIMARY KEY (`product_request_id`);

--
-- Indexes for table `tbl_subcategory`
--
ALTER TABLE `tbl_subcategory` ADD PRIMARY KEY (`subcat_id`);

--
-- Indexes for table `tbl_user`
--
ALTER TABLE `tbl_user` ADD PRIMARY KEY (`user_id`);

--
-- Indexes for table `users`
--
ALTER TABLE `users`
ADD PRIMARY KEY (`id`),
ADD UNIQUE KEY `users_email_unique` (`email`);

--
-- AUTO_INCREMENT for dumped tables
--

--
-- AUTO_INCREMENT for table `failed_jobs`
--
ALTER TABLE `failed_jobs`
MODIFY `id` bigint(20) UNSIGNED NOT NULL AUTO_INCREMENT;

--
-- AUTO_INCREMENT for table `jobs`
--
ALTER TABLE `jobs`
MODIFY `id` bigint(20) UNSIGNED NOT NULL AUTO_INCREMENT;

--
-- AUTO_INCREMENT for table `migrations`
--
ALTER TABLE `migrations`
MODIFY `id` int(10) UNSIGNED NOT NULL AUTO_INCREMENT,
AUTO_INCREMENT = 25;

--
-- AUTO_INCREMENT for table `reviews`
--
ALTER TABLE `reviews`
MODIFY `review_id` bigint(20) UNSIGNED NOT NULL AUTO_INCREMENT,
AUTO_INCREMENT = 101;

--
-- AUTO_INCREMENT for table `tbl_cart`
--
ALTER TABLE `tbl_cart`
MODIFY `cart_id` bigint(20) UNSIGNED NOT NULL AUTO_INCREMENT,
AUTO_INCREMENT = 25;

--
-- AUTO_INCREMENT for table `tbl_category`
--
ALTER TABLE `tbl_category`
MODIFY `category_id` int(11) NOT NULL AUTO_INCREMENT,
AUTO_INCREMENT = 6;

--
-- AUTO_INCREMENT for table `tbl_orders`
--
ALTER TABLE `tbl_orders`
MODIFY `order_id` int(11) NOT NULL AUTO_INCREMENT,
AUTO_INCREMENT = 19;

--
-- AUTO_INCREMENT for table `tbl_order_items`
--
ALTER TABLE `tbl_order_items`
MODIFY `order_item_id` bigint(20) UNSIGNED NOT NULL AUTO_INCREMENT,
AUTO_INCREMENT = 19;

--
-- AUTO_INCREMENT for table `tbl_products`
--
ALTER TABLE `tbl_products`
MODIFY `product_id` int(11) NOT NULL AUTO_INCREMENT,
AUTO_INCREMENT = 297;

--
-- AUTO_INCREMENT for table `tbl_product_requests`
--
ALTER TABLE `tbl_product_requests`
MODIFY `product_request_id` bigint(20) UNSIGNED NOT NULL AUTO_INCREMENT,
AUTO_INCREMENT = 3;

--
-- AUTO_INCREMENT for table `tbl_subcategory`
--
ALTER TABLE `tbl_subcategory`
MODIFY `subcat_id` int(11) NOT NULL AUTO_INCREMENT,
AUTO_INCREMENT = 26;

--
-- AUTO_INCREMENT for table `tbl_user`
--
ALTER TABLE `tbl_user`
MODIFY `user_id` bigint(20) UNSIGNED NOT NULL AUTO_INCREMENT,
AUTO_INCREMENT = 7;

--
-- AUTO_INCREMENT for table `users`
--
ALTER TABLE `users`
MODIFY `id` bigint(20) UNSIGNED NOT NULL AUTO_INCREMENT;

COMMIT;

/*!40101 SET CHARACTER_SET_CLIENT=@OLD_CHARACTER_SET_CLIENT */
;
/*!40101 SET CHARACTER_SET_RESULTS=@OLD_CHARACTER_SET_RESULTS */
;
/*!40101 SET COLLATION_CONNECTION=@OLD_COLLATION_CONNECTION */
;